COMMIT_ID,COMMIT_MESSAGE,AUTHOR_NAME,AUTHOR_EMAIL,AUTHOR_TIMESTAMP,COMMITTER_NAME,COMMITTER_EMAIL,COMMITTER_TIMESTAMP,FILE_NAME,FILE_STATUS,LINES_ADDED,LINES_MODIFIED,LINES_DELETED,NF,ND,FILES_ENTROPY,FILE_URL
ea667d82b30a19b10a6c00edf8acc6e9dd85c429,Merge: 0a02dd5f5 32aba5e64    Merge pull request #15305 from luzpaz:typo-fixes,     Alexander Alekhin ,alexander.a.alekhin@gmail.com,2019-08-15 10:11:05,     Alexander Alekhin ,alexander.a.alekhin@gmail.com,2019-08-15 10:11:06,apps/createsamples/utility.cpp,modified,0,2,2,28,23,2,https://api.github.com/repos/opencv/opencv/contents/apps/createsamples/utility.cpp?ref=ea667d82b30a19b10a6c00edf8acc6e9dd85c429
ea667d82b30a19b10a6c00edf8acc6e9dd85c429,Merge: 0a02dd5f5 32aba5e64    Merge pull request #15305 from luzpaz:typo-fixes,     Alexander Alekhin ,alexander.a.alekhin@gmail.com,2019-08-15 10:11:05,     Alexander Alekhin ,alexander.a.alekhin@gmail.com,2019-08-15 10:11:06,cmake/FindCUDA/run_nvcc.cmake,modified,0,1,1,28,23,1,https://api.github.com/repos/opencv/opencv/contents/cmake/FindCUDA/run_nvcc.cmake?ref=ea667d82b30a19b10a6c00edf8acc6e9dd85c429
ea667d82b30a19b10a6c00edf8acc6e9dd85c429,Merge: 0a02dd5f5 32aba5e64    Merge pull request #15305 from luzpaz:typo-fixes,     Alexander Alekhin ,alexander.a.alekhin@gmail.com,2019-08-15 10:11:05,     Alexander Alekhin ,alexander.a.alekhin@gmail.com,2019-08-15 10:11:06,cmake/OpenCVCompilerOptimizations.cmake,modified,0,1,1,28,23,1,https://api.github.com/repos/opencv/opencv/contents/cmake/OpenCVCompilerOptimizations.cmake?ref=ea667d82b30a19b10a6c00edf8acc6e9dd85c429
ea667d82b30a19b10a6c00edf8acc6e9dd85c429,Merge: 0a02dd5f5 32aba5e64    Merge pull request #15305 from luzpaz:typo-fixes,     Alexander Alekhin ,alexander.a.alekhin@gmail.com,2019-08-15 10:11:05,     Alexander Alekhin ,alexander.a.alekhin@gmail.com,2019-08-15 10:11:06,cmake/OpenCVDetectApacheAnt.cmake,modified,0,1,1,28,23,1,https://api.github.com/repos/opencv/opencv/contents/cmake/OpenCVDetectApacheAnt.cmake?ref=ea667d82b30a19b10a6c00edf8acc6e9dd85c429
ea667d82b30a19b10a6c00edf8acc6e9dd85c429,Merge: 0a02dd5f5 32aba5e64    Merge pull request #15305 from luzpaz:typo-fixes,     Alexander Alekhin ,alexander.a.alekhin@gmail.com,2019-08-15 10:11:05,     Alexander Alekhin ,alexander.a.alekhin@gmail.com,2019-08-15 10:11:06,cmake/OpenCVDetectInferenceEngine.cmake,modified,0,1,1,28,23,1,https://api.github.com/repos/opencv/opencv/contents/cmake/OpenCVDetectInferenceEngine.cmake?ref=ea667d82b30a19b10a6c00edf8acc6e9dd85c429
ea667d82b30a19b10a6c00edf8acc6e9dd85c429,Merge: 0a02dd5f5 32aba5e64    Merge pull request #15305 from luzpaz:typo-fixes,     Alexander Alekhin ,alexander.a.alekhin@gmail.com,2019-08-15 10:11:05,     Alexander Alekhin ,alexander.a.alekhin@gmail.com,2019-08-15 10:11:06,cmake/OpenCVDetectPython.cmake,modified,0,1,1,28,23,1,https://api.github.com/repos/opencv/opencv/contents/cmake/OpenCVDetectPython.cmake?ref=ea667d82b30a19b10a6c00edf8acc6e9dd85c429
ea667d82b30a19b10a6c00edf8acc6e9dd85c429,Merge: 0a02dd5f5 32aba5e64    Merge pull request #15305 from luzpaz:typo-fixes,     Alexander Alekhin ,alexander.a.alekhin@gmail.com,2019-08-15 10:11:05,     Alexander Alekhin ,alexander.a.alekhin@gmail.com,2019-08-15 10:11:06,cmake/OpenCVUtils.cmake,modified,0,1,1,28,23,1,https://api.github.com/repos/opencv/opencv/contents/cmake/OpenCVUtils.cmake?ref=ea667d82b30a19b10a6c00edf8acc6e9dd85c429
ea667d82b30a19b10a6c00edf8acc6e9dd85c429,Merge: 0a02dd5f5 32aba5e64    Merge pull request #15305 from luzpaz:typo-fixes,     Alexander Alekhin ,alexander.a.alekhin@gmail.com,2019-08-15 10:11:05,     Alexander Alekhin ,alexander.a.alekhin@gmail.com,2019-08-15 10:11:06,cmake/android/android_ant_projects.cmake,modified,0,1,1,28,23,1,https://api.github.com/repos/opencv/opencv/contents/cmake/android/android_ant_projects.cmake?ref=ea667d82b30a19b10a6c00edf8acc6e9dd85c429
ea667d82b30a19b10a6c00edf8acc6e9dd85c429,Merge: 0a02dd5f5 32aba5e64    Merge pull request #15305 from luzpaz:typo-fixes,     Alexander Alekhin ,alexander.a.alekhin@gmail.com,2019-08-15 10:11:05,     Alexander Alekhin ,alexander.a.alekhin@gmail.com,2019-08-15 10:11:06,doc/js_tutorials/js_video/js_lucas_kanade/js_lucas_kanade.markdown,modified,0,1,1,28,23,1,https://api.github.com/repos/opencv/opencv/contents/doc/js_tutorials/js_video/js_lucas_kanade/js_lucas_kanade.markdown?ref=ea667d82b30a19b10a6c00edf8acc6e9dd85c429
ea667d82b30a19b10a6c00edf8acc6e9dd85c429,Merge: 0a02dd5f5 32aba5e64    Merge pull request #15305 from luzpaz:typo-fixes,     Alexander Alekhin ,alexander.a.alekhin@gmail.com,2019-08-15 10:11:05,     Alexander Alekhin ,alexander.a.alekhin@gmail.com,2019-08-15 10:11:06,doc/tutorials/calib3d/real_time_pose/real_time_pose.markdown,modified,0,2,2,28,23,1,https://api.github.com/repos/opencv/opencv/contents/doc/tutorials/calib3d/real_time_pose/real_time_pose.markdown?ref=ea667d82b30a19b10a6c00edf8acc6e9dd85c429
ea667d82b30a19b10a6c00edf8acc6e9dd85c429,Merge: 0a02dd5f5 32aba5e64    Merge pull request #15305 from luzpaz:typo-fixes,     Alexander Alekhin ,alexander.a.alekhin@gmail.com,2019-08-15 10:11:05,     Alexander Alekhin ,alexander.a.alekhin@gmail.com,2019-08-15 10:11:06,doc/tutorials/features2d/feature_flann_matcher/feature_flann_matcher.markdown,modified,0,2,2,28,23,1,https://api.github.com/repos/opencv/opencv/contents/doc/tutorials/features2d/feature_flann_matcher/feature_flann_matcher.markdown?ref=ea667d82b30a19b10a6c00edf8acc6e9dd85c429
ea667d82b30a19b10a6c00edf8acc6e9dd85c429,Merge: 0a02dd5f5 32aba5e64    Merge pull request #15305 from luzpaz:typo-fixes,     Alexander Alekhin ,alexander.a.alekhin@gmail.com,2019-08-15 10:11:05,     Alexander Alekhin ,alexander.a.alekhin@gmail.com,2019-08-15 10:11:06,doc/tutorials/gapi/anisotropic_segmentation/porting_anisotropic_segmentation.markdown,modified,0,6,6,28,23,5,https://api.github.com/repos/opencv/opencv/contents/doc/tutorials/gapi/anisotropic_segmentation/porting_anisotropic_segmentation.markdown?ref=ea667d82b30a19b10a6c00edf8acc6e9dd85c429
ea667d82b30a19b10a6c00edf8acc6e9dd85c429,Merge: 0a02dd5f5 32aba5e64    Merge pull request #15305 from luzpaz:typo-fixes,     Alexander Alekhin ,alexander.a.alekhin@gmail.com,2019-08-15 10:11:05,     Alexander Alekhin ,alexander.a.alekhin@gmail.com,2019-08-15 10:11:06,doc/tutorials/imgcodecs/raster-gdal/raster_io_gdal.markdown,modified,0,1,1,28,23,1,https://api.github.com/repos/opencv/opencv/contents/doc/tutorials/imgcodecs/raster-gdal/raster_io_gdal.markdown?ref=ea667d82b30a19b10a6c00edf8acc6e9dd85c429
ea667d82b30a19b10a6c00edf8acc6e9dd85c429,Merge: 0a02dd5f5 32aba5e64    Merge pull request #15305 from luzpaz:typo-fixes,     Alexander Alekhin ,alexander.a.alekhin@gmail.com,2019-08-15 10:11:05,     Alexander Alekhin ,alexander.a.alekhin@gmail.com,2019-08-15 10:11:06,doc/tutorials/imgproc/gausian_median_blur_bilateral_filter/gausian_median_blur_bilateral_filter.markdown,modified,0,1,1,28,23,1,https://api.github.com/repos/opencv/opencv/contents/doc/tutorials/imgproc/gausian_median_blur_bilateral_filter/gausian_median_blur_bilateral_filter.markdown?ref=ea667d82b30a19b10a6c00edf8acc6e9dd85c429
ea667d82b30a19b10a6c00edf8acc6e9dd85c429,Merge: 0a02dd5f5 32aba5e64    Merge pull request #15305 from luzpaz:typo-fixes,     Alexander Alekhin ,alexander.a.alekhin@gmail.com,2019-08-15 10:11:05,     Alexander Alekhin ,alexander.a.alekhin@gmail.com,2019-08-15 10:11:06,doc/tutorials/imgproc/morph_lines_detection/morph_lines_detection.md,modified,0,1,1,28,23,1,https://api.github.com/repos/opencv/opencv/contents/doc/tutorials/imgproc/morph_lines_detection/morph_lines_detection.md?ref=ea667d82b30a19b10a6c00edf8acc6e9dd85c429
ea667d82b30a19b10a6c00edf8acc6e9dd85c429,Merge: 0a02dd5f5 32aba5e64    Merge pull request #15305 from luzpaz:typo-fixes,     Alexander Alekhin ,alexander.a.alekhin@gmail.com,2019-08-15 10:11:05,     Alexander Alekhin ,alexander.a.alekhin@gmail.com,2019-08-15 10:11:06,doc/tutorials/introduction/transition_guide/transition_guide.markdown,modified,0,1,1,28,23,1,https://api.github.com/repos/opencv/opencv/contents/doc/tutorials/introduction/transition_guide/transition_guide.markdown?ref=ea667d82b30a19b10a6c00edf8acc6e9dd85c429
ea667d82b30a19b10a6c00edf8acc6e9dd85c429,Merge: 0a02dd5f5 32aba5e64    Merge pull request #15305 from luzpaz:typo-fixes,     Alexander Alekhin ,alexander.a.alekhin@gmail.com,2019-08-15 10:11:05,     Alexander Alekhin ,alexander.a.alekhin@gmail.com,2019-08-15 10:11:06,doc/tutorials/ios/video_processing/video_processing.markdown,modified,0,1,1,28,23,1,https://api.github.com/repos/opencv/opencv/contents/doc/tutorials/ios/video_processing/video_processing.markdown?ref=ea667d82b30a19b10a6c00edf8acc6e9dd85c429
ea667d82b30a19b10a6c00edf8acc6e9dd85c429,Merge: 0a02dd5f5 32aba5e64    Merge pull request #15305 from luzpaz:typo-fixes,     Alexander Alekhin ,alexander.a.alekhin@gmail.com,2019-08-15 10:11:05,     Alexander Alekhin ,alexander.a.alekhin@gmail.com,2019-08-15 10:11:06,doc/tutorials/ml/non_linear_svms/non_linear_svms.markdown,modified,0,1,1,28,23,1,https://api.github.com/repos/opencv/opencv/contents/doc/tutorials/ml/non_linear_svms/non_linear_svms.markdown?ref=ea667d82b30a19b10a6c00edf8acc6e9dd85c429
ea667d82b30a19b10a6c00edf8acc6e9dd85c429,Merge: 0a02dd5f5 32aba5e64    Merge pull request #15305 from luzpaz:typo-fixes,     Alexander Alekhin ,alexander.a.alekhin@gmail.com,2019-08-15 10:11:05,     Alexander Alekhin ,alexander.a.alekhin@gmail.com,2019-08-15 10:11:06,doc/tutorials/objdetect/cascade_classifier/cascade_classifier.markdown,modified,0,1,1,28,23,1,https://api.github.com/repos/opencv/opencv/contents/doc/tutorials/objdetect/cascade_classifier/cascade_classifier.markdown?ref=ea667d82b30a19b10a6c00edf8acc6e9dd85c429
ea667d82b30a19b10a6c00edf8acc6e9dd85c429,Merge: 0a02dd5f5 32aba5e64    Merge pull request #15305 from luzpaz:typo-fixes,     Alexander Alekhin ,alexander.a.alekhin@gmail.com,2019-08-15 10:11:05,     Alexander Alekhin ,alexander.a.alekhin@gmail.com,2019-08-15 10:11:06,doc/tutorials/video/optical_flow/optical_flow.markdown,modified,0,1,1,28,23,1,https://api.github.com/repos/opencv/opencv/contents/doc/tutorials/video/optical_flow/optical_flow.markdown?ref=ea667d82b30a19b10a6c00edf8acc6e9dd85c429
ea667d82b30a19b10a6c00edf8acc6e9dd85c429,Merge: 0a02dd5f5 32aba5e64    Merge pull request #15305 from luzpaz:typo-fixes,     Alexander Alekhin ,alexander.a.alekhin@gmail.com,2019-08-15 10:11:05,     Alexander Alekhin ,alexander.a.alekhin@gmail.com,2019-08-15 10:11:06,samples/cpp/stitching_detailed.cpp,modified,0,1,1,28,23,1,https://api.github.com/repos/opencv/opencv/contents/samples/cpp/stitching_detailed.cpp?ref=ea667d82b30a19b10a6c00edf8acc6e9dd85c429
ea667d82b30a19b10a6c00edf8acc6e9dd85c429,Merge: 0a02dd5f5 32aba5e64    Merge pull request #15305 from luzpaz:typo-fixes,     Alexander Alekhin ,alexander.a.alekhin@gmail.com,2019-08-15 10:11:05,     Alexander Alekhin ,alexander.a.alekhin@gmail.com,2019-08-15 10:11:06,samples/cpp/videocapture_gphoto2_autofocus.cpp,modified,0,1,1,28,23,1,https://api.github.com/repos/opencv/opencv/contents/samples/cpp/videocapture_gphoto2_autofocus.cpp?ref=ea667d82b30a19b10a6c00edf8acc6e9dd85c429
ea667d82b30a19b10a6c00edf8acc6e9dd85c429,Merge: 0a02dd5f5 32aba5e64    Merge pull request #15305 from luzpaz:typo-fixes,     Alexander Alekhin ,alexander.a.alekhin@gmail.com,2019-08-15 10:11:05,     Alexander Alekhin ,alexander.a.alekhin@gmail.com,2019-08-15 10:11:06,samples/directx/d3d11_interop.cpp,modified,0,1,1,28,23,1,https://api.github.com/repos/opencv/opencv/contents/samples/directx/d3d11_interop.cpp?ref=ea667d82b30a19b10a6c00edf8acc6e9dd85c429
ea667d82b30a19b10a6c00edf8acc6e9dd85c429,Merge: 0a02dd5f5 32aba5e64    Merge pull request #15305 from luzpaz:typo-fixes,     Alexander Alekhin ,alexander.a.alekhin@gmail.com,2019-08-15 10:11:05,     Alexander Alekhin ,alexander.a.alekhin@gmail.com,2019-08-15 10:11:06,samples/dnn/face_detector/how_to_train_face_detector.txt,modified,0,1,1,28,23,1,https://api.github.com/repos/opencv/opencv/contents/samples/dnn/face_detector/how_to_train_face_detector.txt?ref=ea667d82b30a19b10a6c00edf8acc6e9dd85c429
ea667d82b30a19b10a6c00edf8acc6e9dd85c429,Merge: 0a02dd5f5 32aba5e64    Merge pull request #15305 from luzpaz:typo-fixes,     Alexander Alekhin ,alexander.a.alekhin@gmail.com,2019-08-15 10:11:05,     Alexander Alekhin ,alexander.a.alekhin@gmail.com,2019-08-15 10:11:06,samples/dnn/openpose.py,modified,0,1,1,28,23,1,https://api.github.com/repos/opencv/opencv/contents/samples/dnn/openpose.py?ref=ea667d82b30a19b10a6c00edf8acc6e9dd85c429
ea667d82b30a19b10a6c00edf8acc6e9dd85c429,Merge: 0a02dd5f5 32aba5e64    Merge pull request #15305 from luzpaz:typo-fixes,     Alexander Alekhin ,alexander.a.alekhin@gmail.com,2019-08-15 10:11:05,     Alexander Alekhin ,alexander.a.alekhin@gmail.com,2019-08-15 10:11:06,samples/opencl/opencl-opencv-interop.cpp,modified,0,1,1,28,23,1,https://api.github.com/repos/opencv/opencv/contents/samples/opencl/opencl-opencv-interop.cpp?ref=ea667d82b30a19b10a6c00edf8acc6e9dd85c429
ea667d82b30a19b10a6c00edf8acc6e9dd85c429,Merge: 0a02dd5f5 32aba5e64    Merge pull request #15305 from luzpaz:typo-fixes,     Alexander Alekhin ,alexander.a.alekhin@gmail.com,2019-08-15 10:11:05,     Alexander Alekhin ,alexander.a.alekhin@gmail.com,2019-08-15 10:11:06,samples/python/tutorial_code/imgProc/threshold_inRange/threshold_inRange.py,modified,0,1,1,28,23,1,https://api.github.com/repos/opencv/opencv/contents/samples/python/tutorial_code/imgProc/threshold_inRange/threshold_inRange.py?ref=ea667d82b30a19b10a6c00edf8acc6e9dd85c429
ea667d82b30a19b10a6c00edf8acc6e9dd85c429,Merge: 0a02dd5f5 32aba5e64    Merge pull request #15305 from luzpaz:typo-fixes,     Alexander Alekhin ,alexander.a.alekhin@gmail.com,2019-08-15 10:11:05,     Alexander Alekhin ,alexander.a.alekhin@gmail.com,2019-08-15 10:11:06,samples/python/tutorial_code/objectDetection/cascade_classifier/objectDetection.py,modified,0,1,1,28,23,1,https://api.github.com/repos/opencv/opencv/contents/samples/python/tutorial_code/objectDetection/cascade_classifier/objectDetection.py?ref=ea667d82b30a19b10a6c00edf8acc6e9dd85c429
0a02dd5f58a77282dd18f6468d7fa6d5c50ce326,Merge: dbf8e22fa 35e5f00ca    Merge pull request #15298 from smirnov-alexey:gapi_simplify_transform_tests,     Alexander Alekhin ,alexander.a.alekhin@gmail.com,2019-08-15 10:09:14,     Alexander Alekhin ,alexander.a.alekhin@gmail.com,2019-08-15 10:09:14,modules/gapi/test/gapi_transform_tests.cpp,modified,0,13,33,1,1,1,https://api.github.com/repos/opencv/opencv/contents/modules/gapi/test/gapi_transform_tests.cpp?ref=0a02dd5f58a77282dd18f6468d7fa6d5c50ce326
32aba5e64ba40b372f02b5fab18c9632f763bb75,"    FIx misc. source and comment typos        Found via `codespell -q 3 -S ./3rdparty,./modules -L amin,ang,atleast,dof,endwhile,hist,uint`",     luz.paz ,luzpaz@users.noreply.github.com,2019-08-14 17:33:49,     luz.paz ,luzpaz@users.noreply.github.com,2019-08-14 17:33:49,apps/createsamples/utility.cpp,modified,0,2,2,28,23,2,https://api.github.com/repos/opencv/opencv/contents/apps/createsamples/utility.cpp?ref=32aba5e64ba40b372f02b5fab18c9632f763bb75
32aba5e64ba40b372f02b5fab18c9632f763bb75,"    FIx misc. source and comment typos        Found via `codespell -q 3 -S ./3rdparty,./modules -L amin,ang,atleast,dof,endwhile,hist,uint`",     luz.paz ,luzpaz@users.noreply.github.com,2019-08-14 17:33:49,     luz.paz ,luzpaz@users.noreply.github.com,2019-08-14 17:33:49,cmake/FindCUDA/run_nvcc.cmake,modified,0,1,1,28,23,1,https://api.github.com/repos/opencv/opencv/contents/cmake/FindCUDA/run_nvcc.cmake?ref=32aba5e64ba40b372f02b5fab18c9632f763bb75
32aba5e64ba40b372f02b5fab18c9632f763bb75,"    FIx misc. source and comment typos        Found via `codespell -q 3 -S ./3rdparty,./modules -L amin,ang,atleast,dof,endwhile,hist,uint`",     luz.paz ,luzpaz@users.noreply.github.com,2019-08-14 17:33:49,     luz.paz ,luzpaz@users.noreply.github.com,2019-08-14 17:33:49,cmake/OpenCVCompilerOptimizations.cmake,modified,0,1,1,28,23,1,https://api.github.com/repos/opencv/opencv/contents/cmake/OpenCVCompilerOptimizations.cmake?ref=32aba5e64ba40b372f02b5fab18c9632f763bb75
32aba5e64ba40b372f02b5fab18c9632f763bb75,"    FIx misc. source and comment typos        Found via `codespell -q 3 -S ./3rdparty,./modules -L amin,ang,atleast,dof,endwhile,hist,uint`",     luz.paz ,luzpaz@users.noreply.github.com,2019-08-14 17:33:49,     luz.paz ,luzpaz@users.noreply.github.com,2019-08-14 17:33:49,cmake/OpenCVDetectApacheAnt.cmake,modified,0,1,1,28,23,1,https://api.github.com/repos/opencv/opencv/contents/cmake/OpenCVDetectApacheAnt.cmake?ref=32aba5e64ba40b372f02b5fab18c9632f763bb75
32aba5e64ba40b372f02b5fab18c9632f763bb75,"    FIx misc. source and comment typos        Found via `codespell -q 3 -S ./3rdparty,./modules -L amin,ang,atleast,dof,endwhile,hist,uint`",     luz.paz ,luzpaz@users.noreply.github.com,2019-08-14 17:33:49,     luz.paz ,luzpaz@users.noreply.github.com,2019-08-14 17:33:49,cmake/OpenCVDetectInferenceEngine.cmake,modified,0,1,1,28,23,1,https://api.github.com/repos/opencv/opencv/contents/cmake/OpenCVDetectInferenceEngine.cmake?ref=32aba5e64ba40b372f02b5fab18c9632f763bb75
32aba5e64ba40b372f02b5fab18c9632f763bb75,"    FIx misc. source and comment typos        Found via `codespell -q 3 -S ./3rdparty,./modules -L amin,ang,atleast,dof,endwhile,hist,uint`",     luz.paz ,luzpaz@users.noreply.github.com,2019-08-14 17:33:49,     luz.paz ,luzpaz@users.noreply.github.com,2019-08-14 17:33:49,cmake/OpenCVDetectPython.cmake,modified,0,1,1,28,23,1,https://api.github.com/repos/opencv/opencv/contents/cmake/OpenCVDetectPython.cmake?ref=32aba5e64ba40b372f02b5fab18c9632f763bb75
32aba5e64ba40b372f02b5fab18c9632f763bb75,"    FIx misc. source and comment typos        Found via `codespell -q 3 -S ./3rdparty,./modules -L amin,ang,atleast,dof,endwhile,hist,uint`",     luz.paz ,luzpaz@users.noreply.github.com,2019-08-14 17:33:49,     luz.paz ,luzpaz@users.noreply.github.com,2019-08-14 17:33:49,cmake/OpenCVUtils.cmake,modified,0,1,1,28,23,1,https://api.github.com/repos/opencv/opencv/contents/cmake/OpenCVUtils.cmake?ref=32aba5e64ba40b372f02b5fab18c9632f763bb75
32aba5e64ba40b372f02b5fab18c9632f763bb75,"    FIx misc. source and comment typos        Found via `codespell -q 3 -S ./3rdparty,./modules -L amin,ang,atleast,dof,endwhile,hist,uint`",     luz.paz ,luzpaz@users.noreply.github.com,2019-08-14 17:33:49,     luz.paz ,luzpaz@users.noreply.github.com,2019-08-14 17:33:49,cmake/android/android_ant_projects.cmake,modified,0,1,1,28,23,1,https://api.github.com/repos/opencv/opencv/contents/cmake/android/android_ant_projects.cmake?ref=32aba5e64ba40b372f02b5fab18c9632f763bb75
32aba5e64ba40b372f02b5fab18c9632f763bb75,"    FIx misc. source and comment typos        Found via `codespell -q 3 -S ./3rdparty,./modules -L amin,ang,atleast,dof,endwhile,hist,uint`",     luz.paz ,luzpaz@users.noreply.github.com,2019-08-14 17:33:49,     luz.paz ,luzpaz@users.noreply.github.com,2019-08-14 17:33:49,doc/js_tutorials/js_video/js_lucas_kanade/js_lucas_kanade.markdown,modified,0,1,1,28,23,1,https://api.github.com/repos/opencv/opencv/contents/doc/js_tutorials/js_video/js_lucas_kanade/js_lucas_kanade.markdown?ref=32aba5e64ba40b372f02b5fab18c9632f763bb75
32aba5e64ba40b372f02b5fab18c9632f763bb75,"    FIx misc. source and comment typos        Found via `codespell -q 3 -S ./3rdparty,./modules -L amin,ang,atleast,dof,endwhile,hist,uint`",     luz.paz ,luzpaz@users.noreply.github.com,2019-08-14 17:33:49,     luz.paz ,luzpaz@users.noreply.github.com,2019-08-14 17:33:49,doc/tutorials/calib3d/real_time_pose/real_time_pose.markdown,modified,0,2,2,28,23,1,https://api.github.com/repos/opencv/opencv/contents/doc/tutorials/calib3d/real_time_pose/real_time_pose.markdown?ref=32aba5e64ba40b372f02b5fab18c9632f763bb75
32aba5e64ba40b372f02b5fab18c9632f763bb75,"    FIx misc. source and comment typos        Found via `codespell -q 3 -S ./3rdparty,./modules -L amin,ang,atleast,dof,endwhile,hist,uint`",     luz.paz ,luzpaz@users.noreply.github.com,2019-08-14 17:33:49,     luz.paz ,luzpaz@users.noreply.github.com,2019-08-14 17:33:49,doc/tutorials/features2d/feature_flann_matcher/feature_flann_matcher.markdown,modified,0,2,2,28,23,1,https://api.github.com/repos/opencv/opencv/contents/doc/tutorials/features2d/feature_flann_matcher/feature_flann_matcher.markdown?ref=32aba5e64ba40b372f02b5fab18c9632f763bb75
32aba5e64ba40b372f02b5fab18c9632f763bb75,"    FIx misc. source and comment typos        Found via `codespell -q 3 -S ./3rdparty,./modules -L amin,ang,atleast,dof,endwhile,hist,uint`",     luz.paz ,luzpaz@users.noreply.github.com,2019-08-14 17:33:49,     luz.paz ,luzpaz@users.noreply.github.com,2019-08-14 17:33:49,doc/tutorials/gapi/anisotropic_segmentation/porting_anisotropic_segmentation.markdown,modified,0,6,6,28,23,5,https://api.github.com/repos/opencv/opencv/contents/doc/tutorials/gapi/anisotropic_segmentation/porting_anisotropic_segmentation.markdown?ref=32aba5e64ba40b372f02b5fab18c9632f763bb75
32aba5e64ba40b372f02b5fab18c9632f763bb75,"    FIx misc. source and comment typos        Found via `codespell -q 3 -S ./3rdparty,./modules -L amin,ang,atleast,dof,endwhile,hist,uint`",     luz.paz ,luzpaz@users.noreply.github.com,2019-08-14 17:33:49,     luz.paz ,luzpaz@users.noreply.github.com,2019-08-14 17:33:49,doc/tutorials/imgcodecs/raster-gdal/raster_io_gdal.markdown,modified,0,1,1,28,23,1,https://api.github.com/repos/opencv/opencv/contents/doc/tutorials/imgcodecs/raster-gdal/raster_io_gdal.markdown?ref=32aba5e64ba40b372f02b5fab18c9632f763bb75
32aba5e64ba40b372f02b5fab18c9632f763bb75,"    FIx misc. source and comment typos        Found via `codespell -q 3 -S ./3rdparty,./modules -L amin,ang,atleast,dof,endwhile,hist,uint`",     luz.paz ,luzpaz@users.noreply.github.com,2019-08-14 17:33:49,     luz.paz ,luzpaz@users.noreply.github.com,2019-08-14 17:33:49,doc/tutorials/imgproc/gausian_median_blur_bilateral_filter/gausian_median_blur_bilateral_filter.markdown,modified,0,1,1,28,23,1,https://api.github.com/repos/opencv/opencv/contents/doc/tutorials/imgproc/gausian_median_blur_bilateral_filter/gausian_median_blur_bilateral_filter.markdown?ref=32aba5e64ba40b372f02b5fab18c9632f763bb75
32aba5e64ba40b372f02b5fab18c9632f763bb75,"    FIx misc. source and comment typos        Found via `codespell -q 3 -S ./3rdparty,./modules -L amin,ang,atleast,dof,endwhile,hist,uint`",     luz.paz ,luzpaz@users.noreply.github.com,2019-08-14 17:33:49,     luz.paz ,luzpaz@users.noreply.github.com,2019-08-14 17:33:49,doc/tutorials/imgproc/morph_lines_detection/morph_lines_detection.md,modified,0,1,1,28,23,1,https://api.github.com/repos/opencv/opencv/contents/doc/tutorials/imgproc/morph_lines_detection/morph_lines_detection.md?ref=32aba5e64ba40b372f02b5fab18c9632f763bb75
32aba5e64ba40b372f02b5fab18c9632f763bb75,"    FIx misc. source and comment typos        Found via `codespell -q 3 -S ./3rdparty,./modules -L amin,ang,atleast,dof,endwhile,hist,uint`",     luz.paz ,luzpaz@users.noreply.github.com,2019-08-14 17:33:49,     luz.paz ,luzpaz@users.noreply.github.com,2019-08-14 17:33:49,doc/tutorials/introduction/transition_guide/transition_guide.markdown,modified,0,1,1,28,23,1,https://api.github.com/repos/opencv/opencv/contents/doc/tutorials/introduction/transition_guide/transition_guide.markdown?ref=32aba5e64ba40b372f02b5fab18c9632f763bb75
32aba5e64ba40b372f02b5fab18c9632f763bb75,"    FIx misc. source and comment typos        Found via `codespell -q 3 -S ./3rdparty,./modules -L amin,ang,atleast,dof,endwhile,hist,uint`",     luz.paz ,luzpaz@users.noreply.github.com,2019-08-14 17:33:49,     luz.paz ,luzpaz@users.noreply.github.com,2019-08-14 17:33:49,doc/tutorials/ios/video_processing/video_processing.markdown,modified,0,1,1,28,23,1,https://api.github.com/repos/opencv/opencv/contents/doc/tutorials/ios/video_processing/video_processing.markdown?ref=32aba5e64ba40b372f02b5fab18c9632f763bb75
32aba5e64ba40b372f02b5fab18c9632f763bb75,"    FIx misc. source and comment typos        Found via `codespell -q 3 -S ./3rdparty,./modules -L amin,ang,atleast,dof,endwhile,hist,uint`",     luz.paz ,luzpaz@users.noreply.github.com,2019-08-14 17:33:49,     luz.paz ,luzpaz@users.noreply.github.com,2019-08-14 17:33:49,doc/tutorials/ml/non_linear_svms/non_linear_svms.markdown,modified,0,1,1,28,23,1,https://api.github.com/repos/opencv/opencv/contents/doc/tutorials/ml/non_linear_svms/non_linear_svms.markdown?ref=32aba5e64ba40b372f02b5fab18c9632f763bb75
32aba5e64ba40b372f02b5fab18c9632f763bb75,"    FIx misc. source and comment typos        Found via `codespell -q 3 -S ./3rdparty,./modules -L amin,ang,atleast,dof,endwhile,hist,uint`",     luz.paz ,luzpaz@users.noreply.github.com,2019-08-14 17:33:49,     luz.paz ,luzpaz@users.noreply.github.com,2019-08-14 17:33:49,doc/tutorials/objdetect/cascade_classifier/cascade_classifier.markdown,modified,0,1,1,28,23,1,https://api.github.com/repos/opencv/opencv/contents/doc/tutorials/objdetect/cascade_classifier/cascade_classifier.markdown?ref=32aba5e64ba40b372f02b5fab18c9632f763bb75
32aba5e64ba40b372f02b5fab18c9632f763bb75,"    FIx misc. source and comment typos        Found via `codespell -q 3 -S ./3rdparty,./modules -L amin,ang,atleast,dof,endwhile,hist,uint`",     luz.paz ,luzpaz@users.noreply.github.com,2019-08-14 17:33:49,     luz.paz ,luzpaz@users.noreply.github.com,2019-08-14 17:33:49,doc/tutorials/video/optical_flow/optical_flow.markdown,modified,0,1,1,28,23,1,https://api.github.com/repos/opencv/opencv/contents/doc/tutorials/video/optical_flow/optical_flow.markdown?ref=32aba5e64ba40b372f02b5fab18c9632f763bb75
32aba5e64ba40b372f02b5fab18c9632f763bb75,"    FIx misc. source and comment typos        Found via `codespell -q 3 -S ./3rdparty,./modules -L amin,ang,atleast,dof,endwhile,hist,uint`",     luz.paz ,luzpaz@users.noreply.github.com,2019-08-14 17:33:49,     luz.paz ,luzpaz@users.noreply.github.com,2019-08-14 17:33:49,samples/cpp/stitching_detailed.cpp,modified,0,1,1,28,23,1,https://api.github.com/repos/opencv/opencv/contents/samples/cpp/stitching_detailed.cpp?ref=32aba5e64ba40b372f02b5fab18c9632f763bb75
32aba5e64ba40b372f02b5fab18c9632f763bb75,"    FIx misc. source and comment typos        Found via `codespell -q 3 -S ./3rdparty,./modules -L amin,ang,atleast,dof,endwhile,hist,uint`",     luz.paz ,luzpaz@users.noreply.github.com,2019-08-14 17:33:49,     luz.paz ,luzpaz@users.noreply.github.com,2019-08-14 17:33:49,samples/cpp/videocapture_gphoto2_autofocus.cpp,modified,0,1,1,28,23,1,https://api.github.com/repos/opencv/opencv/contents/samples/cpp/videocapture_gphoto2_autofocus.cpp?ref=32aba5e64ba40b372f02b5fab18c9632f763bb75
32aba5e64ba40b372f02b5fab18c9632f763bb75,"    FIx misc. source and comment typos        Found via `codespell -q 3 -S ./3rdparty,./modules -L amin,ang,atleast,dof,endwhile,hist,uint`",     luz.paz ,luzpaz@users.noreply.github.com,2019-08-14 17:33:49,     luz.paz ,luzpaz@users.noreply.github.com,2019-08-14 17:33:49,samples/directx/d3d11_interop.cpp,modified,0,1,1,28,23,1,https://api.github.com/repos/opencv/opencv/contents/samples/directx/d3d11_interop.cpp?ref=32aba5e64ba40b372f02b5fab18c9632f763bb75
32aba5e64ba40b372f02b5fab18c9632f763bb75,"    FIx misc. source and comment typos        Found via `codespell -q 3 -S ./3rdparty,./modules -L amin,ang,atleast,dof,endwhile,hist,uint`",     luz.paz ,luzpaz@users.noreply.github.com,2019-08-14 17:33:49,     luz.paz ,luzpaz@users.noreply.github.com,2019-08-14 17:33:49,samples/dnn/face_detector/how_to_train_face_detector.txt,modified,0,1,1,28,23,1,https://api.github.com/repos/opencv/opencv/contents/samples/dnn/face_detector/how_to_train_face_detector.txt?ref=32aba5e64ba40b372f02b5fab18c9632f763bb75
32aba5e64ba40b372f02b5fab18c9632f763bb75,"    FIx misc. source and comment typos        Found via `codespell -q 3 -S ./3rdparty,./modules -L amin,ang,atleast,dof,endwhile,hist,uint`",     luz.paz ,luzpaz@users.noreply.github.com,2019-08-14 17:33:49,     luz.paz ,luzpaz@users.noreply.github.com,2019-08-14 17:33:49,samples/dnn/openpose.py,modified,0,1,1,28,23,1,https://api.github.com/repos/opencv/opencv/contents/samples/dnn/openpose.py?ref=32aba5e64ba40b372f02b5fab18c9632f763bb75
32aba5e64ba40b372f02b5fab18c9632f763bb75,"    FIx misc. source and comment typos        Found via `codespell -q 3 -S ./3rdparty,./modules -L amin,ang,atleast,dof,endwhile,hist,uint`",     luz.paz ,luzpaz@users.noreply.github.com,2019-08-14 17:33:49,     luz.paz ,luzpaz@users.noreply.github.com,2019-08-14 17:33:49,samples/opencl/opencl-opencv-interop.cpp,modified,0,1,1,28,23,1,https://api.github.com/repos/opencv/opencv/contents/samples/opencl/opencl-opencv-interop.cpp?ref=32aba5e64ba40b372f02b5fab18c9632f763bb75
32aba5e64ba40b372f02b5fab18c9632f763bb75,"    FIx misc. source and comment typos        Found via `codespell -q 3 -S ./3rdparty,./modules -L amin,ang,atleast,dof,endwhile,hist,uint`",     luz.paz ,luzpaz@users.noreply.github.com,2019-08-14 17:33:49,     luz.paz ,luzpaz@users.noreply.github.com,2019-08-14 17:33:49,samples/python/tutorial_code/imgProc/threshold_inRange/threshold_inRange.py,modified,0,1,1,28,23,1,https://api.github.com/repos/opencv/opencv/contents/samples/python/tutorial_code/imgProc/threshold_inRange/threshold_inRange.py?ref=32aba5e64ba40b372f02b5fab18c9632f763bb75
32aba5e64ba40b372f02b5fab18c9632f763bb75,"    FIx misc. source and comment typos        Found via `codespell -q 3 -S ./3rdparty,./modules -L amin,ang,atleast,dof,endwhile,hist,uint`",     luz.paz ,luzpaz@users.noreply.github.com,2019-08-14 17:33:49,     luz.paz ,luzpaz@users.noreply.github.com,2019-08-14 17:33:49,samples/python/tutorial_code/objectDetection/cascade_classifier/objectDetection.py,modified,0,1,1,28,23,1,https://api.github.com/repos/opencv/opencv/contents/samples/python/tutorial_code/objectDetection/cascade_classifier/objectDetection.py?ref=32aba5e64ba40b372f02b5fab18c9632f763bb75
dbf8e22fade95a040d5ea4e79f410fe20266ce3b,Merge: 0b5d0b83b bca49b99c    Merge pull request #15242 from vchiluka5:lazy_load_nvcuda_dll,     Alexander Alekhin ,alexander.a.alekhin@gmail.com,2019-08-14 16:35:41,     Alexander Alekhin ,alexander.a.alekhin@gmail.com,2019-08-14 16:35:41,cmake/OpenCVDetectCUDA.cmake,modified,0,1,1,1,1,1,https://api.github.com/repos/opencv/opencv/contents/cmake/OpenCVDetectCUDA.cmake?ref=dbf8e22fade95a040d5ea4e79f410fe20266ce3b
0b5d0b83be8a5f9f054725556809a23964fd7cdb,"    Merge pull request #15275 from ilbalance:js_inpaint        * in embindgen.py added inpaint function        * added test for inpaint function and fixed function in build_js        * fixed test for inpaint function        * rotate deleted, build_js.py fixed",     ilbalance ,48130864+ilbalance@users.noreply.github.com,2019-08-14 14:16:45,     Alexander Alekhin ,alexander.a.alekhin@gmail.com,2019-08-14 14:16:45,modules/js/src/embindgen.py,modified,0,1,1,2,2,1,https://api.github.com/repos/opencv/opencv/contents/modules/js/src/embindgen.py?ref=0b5d0b83be8a5f9f054725556809a23964fd7cdb
0b5d0b83be8a5f9f054725556809a23964fd7cdb,"    Merge pull request #15275 from ilbalance:js_inpaint        * in embindgen.py added inpaint function        * added test for inpaint function and fixed function in build_js        * fixed test for inpaint function        * rotate deleted, build_js.py fixed",     ilbalance ,48130864+ilbalance@users.noreply.github.com,2019-08-14 14:16:45,     Alexander Alekhin ,alexander.a.alekhin@gmail.com,2019-08-14 14:16:45,modules/js/test/test_photo.js,modified,0,12,2,2,2,1,https://api.github.com/repos/opencv/opencv/contents/modules/js/test/test_photo.js?ref=0b5d0b83be8a5f9f054725556809a23964fd7cdb
35e5f00cac4817f8aad3330c7d1d2bbbdd3b1bda,    Simplify tests on GAPI_TRANSFORM,     smirnov-alexey ,alexey.smirnov@intel.com,2019-08-14 10:35:28,     smirnov-alexey ,alexey.smirnov@intel.com,2019-08-14 10:37:40,modules/gapi/test/gapi_transform_tests.cpp,modified,0,13,33,1,1,1,https://api.github.com/repos/opencv/opencv/contents/modules/gapi/test/gapi_transform_tests.cpp?ref=35e5f00cac4817f8aad3330c7d1d2bbbdd3b1bda
290da9384544d7a8709c8fe048eb70c95503d5c6,Merge: f6bb90025 59de4d9ad    Merge pull request #15285 from AsyaPronina:dev/asyadev/matching_requirements_test,     Alexander Alekhin ,alexander.a.alekhin@gmail.com,2019-08-14 09:59:56,     Alexander Alekhin ,alexander.a.alekhin@gmail.com,2019-08-14 09:59:56,modules/gapi/test/internal/gapi_int_pattern_matching_test.cpp,modified,0,60,5,1,1,4,https://api.github.com/repos/opencv/opencv/contents/modules/gapi/test/internal/gapi_int_pattern_matching_test.cpp?ref=290da9384544d7a8709c8fe048eb70c95503d5c6
f6bb9002592a4ab217fbd9c585f018acb8449219,    Merge pull request #15238 from andrey-golubev:fluid_fix_journal        G-API: Fix Journal usage in Fluid backend (#15238)        * Fix Journal usage in Fluid backend        * Delete dumpDotRequired(): invalid check        * Update mem consumption test        * Test that new test works        * Debug memory consumption function        * Increase iterations in test        * Re-write memory consumption measurement part        * Restore correct fix for Fluid journals,     Andrey Golubev ,andrey.golubev@intel.com,2019-08-14 07:03:52,     Alexander Alekhin ,alexander.a.alekhin@gmail.com,2019-08-14 07:03:52,modules/gapi/src/backends/fluid/gfluidbackend.cpp,modified,0,2,0,4,3,1,https://api.github.com/repos/opencv/opencv/contents/modules/gapi/src/backends/fluid/gfluidbackend.cpp?ref=f6bb9002592a4ab217fbd9c585f018acb8449219
f6bb9002592a4ab217fbd9c585f018acb8449219,    Merge pull request #15238 from andrey-golubev:fluid_fix_journal        G-API: Fix Journal usage in Fluid backend (#15238)        * Fix Journal usage in Fluid backend        * Delete dumpDotRequired(): invalid check        * Update mem consumption test        * Test that new test works        * Debug memory consumption function        * Increase iterations in test        * Re-write memory consumption measurement part        * Restore correct fix for Fluid journals,     Andrey Golubev ,andrey.golubev@intel.com,2019-08-14 07:03:52,     Alexander Alekhin ,alexander.a.alekhin@gmail.com,2019-08-14 07:03:52,modules/gapi/src/compiler/gmodel.cpp,modified,0,10,0,4,3,1,https://api.github.com/repos/opencv/opencv/contents/modules/gapi/src/compiler/gmodel.cpp?ref=f6bb9002592a4ab217fbd9c585f018acb8449219
f6bb9002592a4ab217fbd9c585f018acb8449219,    Merge pull request #15238 from andrey-golubev:fluid_fix_journal        G-API: Fix Journal usage in Fluid backend (#15238)        * Fix Journal usage in Fluid backend        * Delete dumpDotRequired(): invalid check        * Update mem consumption test        * Test that new test works        * Debug memory consumption function        * Increase iterations in test        * Re-write memory consumption measurement part        * Restore correct fix for Fluid journals,     Andrey Golubev ,andrey.golubev@intel.com,2019-08-14 07:03:52,     Alexander Alekhin ,alexander.a.alekhin@gmail.com,2019-08-14 07:03:52,modules/gapi/src/compiler/gmodel.hpp,modified,0,2,0,4,3,1,https://api.github.com/repos/opencv/opencv/contents/modules/gapi/src/compiler/gmodel.hpp?ref=f6bb9002592a4ab217fbd9c585f018acb8449219
f6bb9002592a4ab217fbd9c585f018acb8449219,    Merge pull request #15238 from andrey-golubev:fluid_fix_journal        G-API: Fix Journal usage in Fluid backend (#15238)        * Fix Journal usage in Fluid backend        * Delete dumpDotRequired(): invalid check        * Update mem consumption test        * Test that new test works        * Debug memory consumption function        * Increase iterations in test        * Re-write memory consumption measurement part        * Restore correct fix for Fluid journals,     Andrey Golubev ,andrey.golubev@intel.com,2019-08-14 07:03:52,     Alexander Alekhin ,alexander.a.alekhin@gmail.com,2019-08-14 07:03:52,modules/gapi/test/gapi_fluid_test.cpp,modified,0,57,0,4,3,1,https://api.github.com/repos/opencv/opencv/contents/modules/gapi/test/gapi_fluid_test.cpp?ref=f6bb9002592a4ab217fbd9c585f018acb8449219
f7f2438478991240adc464de3f43b43ec3be56de,    Merge pull request #15082 from dvd42:segmentation-module        Segmentation module (#15082),     Diego ,diegovd0296@gmail.com,2019-08-13 20:38:48,     Alexander Alekhin ,alexander.a.alekhin@gmail.com,2019-08-13 20:38:48,modules/dnn/include/opencv2/dnn/dnn.hpp,modified,0,30,0,3,3,1,https://api.github.com/repos/opencv/opencv/contents/modules/dnn/include/opencv2/dnn/dnn.hpp?ref=f7f2438478991240adc464de3f43b43ec3be56de
f7f2438478991240adc464de3f43b43ec3be56de,    Merge pull request #15082 from dvd42:segmentation-module        Segmentation module (#15082),     Diego ,diegovd0296@gmail.com,2019-08-13 20:38:48,     Alexander Alekhin ,alexander.a.alekhin@gmail.com,2019-08-13 20:38:48,modules/dnn/src/model.cpp,modified,0,41,0,3,3,1,https://api.github.com/repos/opencv/opencv/contents/modules/dnn/src/model.cpp?ref=f7f2438478991240adc464de3f43b43ec3be56de
f7f2438478991240adc464de3f43b43ec3be56de,    Merge pull request #15082 from dvd42:segmentation-module        Segmentation module (#15082),     Diego ,diegovd0296@gmail.com,2019-08-13 20:38:48,     Alexander Alekhin ,alexander.a.alekhin@gmail.com,2019-08-13 20:38:48,modules/dnn/test/test_model.cpp,modified,0,35,0,3,3,2,https://api.github.com/repos/opencv/opencv/contents/modules/dnn/test/test_model.cpp?ref=f7f2438478991240adc464de3f43b43ec3be56de
2ad0487cec35b08a1dbf49e98c27b05153aaa23a,Merge: 72ccb5fe6 7c96857c0    Merge remote-tracking branch 'upstream/3.4' into merge-3.4,     Alexander Alekhin ,alexander.alekhin@intel.com,2019-08-13 15:37:01,     Alexander Alekhin ,alexander.a.alekhin@gmail.com,2019-08-13 18:32:29,cmake/OpenCVCompilerOptions.cmake,modified,0,3,0,28,15,1,https://api.github.com/repos/opencv/opencv/contents/cmake/OpenCVCompilerOptions.cmake?ref=2ad0487cec35b08a1dbf49e98c27b05153aaa23a
2ad0487cec35b08a1dbf49e98c27b05153aaa23a,Merge: 72ccb5fe6 7c96857c0    Merge remote-tracking branch 'upstream/3.4' into merge-3.4,     Alexander Alekhin ,alexander.alekhin@intel.com,2019-08-13 15:37:01,     Alexander Alekhin ,alexander.a.alekhin@gmail.com,2019-08-13 18:32:29,modules/core/include/opencv2/core/hal/intrin_vsx.hpp,modified,0,6,18,28,15,1,https://api.github.com/repos/opencv/opencv/contents/modules/core/include/opencv2/core/hal/intrin_vsx.hpp?ref=2ad0487cec35b08a1dbf49e98c27b05153aaa23a
2ad0487cec35b08a1dbf49e98c27b05153aaa23a,Merge: 72ccb5fe6 7c96857c0    Merge remote-tracking branch 'upstream/3.4' into merge-3.4,     Alexander Alekhin ,alexander.alekhin@intel.com,2019-08-13 15:37:01,     Alexander Alekhin ,alexander.a.alekhin@gmail.com,2019-08-13 18:32:29,modules/core/src/system.cpp,modified,0,3,1,28,15,1,https://api.github.com/repos/opencv/opencv/contents/modules/core/src/system.cpp?ref=2ad0487cec35b08a1dbf49e98c27b05153aaa23a
2ad0487cec35b08a1dbf49e98c27b05153aaa23a,Merge: 72ccb5fe6 7c96857c0    Merge remote-tracking branch 'upstream/3.4' into merge-3.4,     Alexander Alekhin ,alexander.alekhin@intel.com,2019-08-13 15:37:01,     Alexander Alekhin ,alexander.a.alekhin@gmail.com,2019-08-13 18:32:29,modules/core/test/test_ptr.cpp,modified,0,1,8,28,15,1,https://api.github.com/repos/opencv/opencv/contents/modules/core/test/test_ptr.cpp?ref=2ad0487cec35b08a1dbf49e98c27b05153aaa23a
2ad0487cec35b08a1dbf49e98c27b05153aaa23a,Merge: 72ccb5fe6 7c96857c0    Merge remote-tracking branch 'upstream/3.4' into merge-3.4,     Alexander Alekhin ,alexander.alekhin@intel.com,2019-08-13 15:37:01,     Alexander Alekhin ,alexander.a.alekhin@gmail.com,2019-08-13 18:32:29,modules/dnn/CMakeLists.txt,modified,0,3,1,28,15,1,https://api.github.com/repos/opencv/opencv/contents/modules/dnn/CMakeLists.txt?ref=2ad0487cec35b08a1dbf49e98c27b05153aaa23a
2ad0487cec35b08a1dbf49e98c27b05153aaa23a,Merge: 72ccb5fe6 7c96857c0    Merge remote-tracking branch 'upstream/3.4' into merge-3.4,     Alexander Alekhin ,alexander.alekhin@intel.com,2019-08-13 15:37:01,     Alexander Alekhin ,alexander.a.alekhin@gmail.com,2019-08-13 18:32:29,modules/dnn/perf/perf_net.cpp,modified,0,5,12,28,15,2,https://api.github.com/repos/opencv/opencv/contents/modules/dnn/perf/perf_net.cpp?ref=2ad0487cec35b08a1dbf49e98c27b05153aaa23a
2ad0487cec35b08a1dbf49e98c27b05153aaa23a,Merge: 72ccb5fe6 7c96857c0    Merge remote-tracking branch 'upstream/3.4' into merge-3.4,     Alexander Alekhin ,alexander.alekhin@intel.com,2019-08-13 15:37:01,     Alexander Alekhin ,alexander.a.alekhin@gmail.com,2019-08-13 18:32:29,modules/dnn/src/dnn.cpp,modified,0,26,8,28,15,5,https://api.github.com/repos/opencv/opencv/contents/modules/dnn/src/dnn.cpp?ref=2ad0487cec35b08a1dbf49e98c27b05153aaa23a
2ad0487cec35b08a1dbf49e98c27b05153aaa23a,Merge: 72ccb5fe6 7c96857c0    Merge remote-tracking branch 'upstream/3.4' into merge-3.4,     Alexander Alekhin ,alexander.alekhin@intel.com,2019-08-13 15:37:01,     Alexander Alekhin ,alexander.a.alekhin@gmail.com,2019-08-13 18:32:29,modules/dnn/src/layers/blank_layer.cpp,modified,0,5,6,28,15,2,https://api.github.com/repos/opencv/opencv/contents/modules/dnn/src/layers/blank_layer.cpp?ref=2ad0487cec35b08a1dbf49e98c27b05153aaa23a
2ad0487cec35b08a1dbf49e98c27b05153aaa23a,Merge: 72ccb5fe6 7c96857c0    Merge remote-tracking branch 'upstream/3.4' into merge-3.4,     Alexander Alekhin ,alexander.alekhin@intel.com,2019-08-13 15:37:01,     Alexander Alekhin ,alexander.a.alekhin@gmail.com,2019-08-13 18:32:29,modules/dnn/src/layers/concat_layer.cpp,modified,0,1,1,28,15,1,https://api.github.com/repos/opencv/opencv/contents/modules/dnn/src/layers/concat_layer.cpp?ref=2ad0487cec35b08a1dbf49e98c27b05153aaa23a
2ad0487cec35b08a1dbf49e98c27b05153aaa23a,Merge: 72ccb5fe6 7c96857c0    Merge remote-tracking branch 'upstream/3.4' into merge-3.4,     Alexander Alekhin ,alexander.alekhin@intel.com,2019-08-13 15:37:01,     Alexander Alekhin ,alexander.a.alekhin@gmail.com,2019-08-13 18:32:29,modules/dnn/src/layers/convolution_layer.cpp,modified,0,13,12,28,15,3,https://api.github.com/repos/opencv/opencv/contents/modules/dnn/src/layers/convolution_layer.cpp?ref=2ad0487cec35b08a1dbf49e98c27b05153aaa23a
2ad0487cec35b08a1dbf49e98c27b05153aaa23a,Merge: 72ccb5fe6 7c96857c0    Merge remote-tracking branch 'upstream/3.4' into merge-3.4,     Alexander Alekhin ,alexander.alekhin@intel.com,2019-08-13 15:37:01,     Alexander Alekhin ,alexander.a.alekhin@gmail.com,2019-08-13 18:32:29,modules/dnn/src/layers/normalize_bbox_layer.cpp,modified,0,7,5,28,15,2,https://api.github.com/repos/opencv/opencv/contents/modules/dnn/src/layers/normalize_bbox_layer.cpp?ref=2ad0487cec35b08a1dbf49e98c27b05153aaa23a
2ad0487cec35b08a1dbf49e98c27b05153aaa23a,Merge: 72ccb5fe6 7c96857c0    Merge remote-tracking branch 'upstream/3.4' into merge-3.4,     Alexander Alekhin ,alexander.alekhin@intel.com,2019-08-13 15:37:01,     Alexander Alekhin ,alexander.a.alekhin@gmail.com,2019-08-13 18:32:29,modules/dnn/src/layers/pooling_layer.cpp,modified,0,2,0,28,15,1,https://api.github.com/repos/opencv/opencv/contents/modules/dnn/src/layers/pooling_layer.cpp?ref=2ad0487cec35b08a1dbf49e98c27b05153aaa23a
2ad0487cec35b08a1dbf49e98c27b05153aaa23a,Merge: 72ccb5fe6 7c96857c0    Merge remote-tracking branch 'upstream/3.4' into merge-3.4,     Alexander Alekhin ,alexander.alekhin@intel.com,2019-08-13 15:37:01,     Alexander Alekhin ,alexander.a.alekhin@gmail.com,2019-08-13 18:32:29,modules/dnn/src/layers/scale_layer.cpp,modified,0,6,5,28,15,1,https://api.github.com/repos/opencv/opencv/contents/modules/dnn/src/layers/scale_layer.cpp?ref=2ad0487cec35b08a1dbf49e98c27b05153aaa23a
2ad0487cec35b08a1dbf49e98c27b05153aaa23a,Merge: 72ccb5fe6 7c96857c0    Merge remote-tracking branch 'upstream/3.4' into merge-3.4,     Alexander Alekhin ,alexander.alekhin@intel.com,2019-08-13 15:37:01,     Alexander Alekhin ,alexander.a.alekhin@gmail.com,2019-08-13 18:32:29,modules/dnn/src/layers/slice_layer.cpp,modified,0,5,5,28,15,1,https://api.github.com/repos/opencv/opencv/contents/modules/dnn/src/layers/slice_layer.cpp?ref=2ad0487cec35b08a1dbf49e98c27b05153aaa23a
2ad0487cec35b08a1dbf49e98c27b05153aaa23a,Merge: 72ccb5fe6 7c96857c0    Merge remote-tracking branch 'upstream/3.4' into merge-3.4,     Alexander Alekhin ,alexander.alekhin@intel.com,2019-08-13 15:37:01,     Alexander Alekhin ,alexander.a.alekhin@gmail.com,2019-08-13 18:32:29,modules/dnn/src/layers/softmax_layer.cpp,modified,0,2,1,28,15,1,https://api.github.com/repos/opencv/opencv/contents/modules/dnn/src/layers/softmax_layer.cpp?ref=2ad0487cec35b08a1dbf49e98c27b05153aaa23a
2ad0487cec35b08a1dbf49e98c27b05153aaa23a,Merge: 72ccb5fe6 7c96857c0    Merge remote-tracking branch 'upstream/3.4' into merge-3.4,     Alexander Alekhin ,alexander.alekhin@intel.com,2019-08-13 15:37:01,     Alexander Alekhin ,alexander.a.alekhin@gmail.com,2019-08-13 18:32:29,modules/dnn/src/op_inf_engine.cpp,modified,0,109,70,28,15,19,https://api.github.com/repos/opencv/opencv/contents/modules/dnn/src/op_inf_engine.cpp?ref=2ad0487cec35b08a1dbf49e98c27b05153aaa23a
2ad0487cec35b08a1dbf49e98c27b05153aaa23a,Merge: 72ccb5fe6 7c96857c0    Merge remote-tracking branch 'upstream/3.4' into merge-3.4,     Alexander Alekhin ,alexander.alekhin@intel.com,2019-08-13 15:37:01,     Alexander Alekhin ,alexander.a.alekhin@gmail.com,2019-08-13 18:32:29,modules/dnn/src/op_inf_engine.hpp,modified,0,8,4,28,15,1,https://api.github.com/repos/opencv/opencv/contents/modules/dnn/src/op_inf_engine.hpp?ref=2ad0487cec35b08a1dbf49e98c27b05153aaa23a
2ad0487cec35b08a1dbf49e98c27b05153aaa23a,Merge: 72ccb5fe6 7c96857c0    Merge remote-tracking branch 'upstream/3.4' into merge-3.4,     Alexander Alekhin ,alexander.alekhin@intel.com,2019-08-13 15:37:01,     Alexander Alekhin ,alexander.a.alekhin@gmail.com,2019-08-13 18:32:29,modules/dnn/test/test_ie_models.cpp,modified,0,27,13,28,15,5,https://api.github.com/repos/opencv/opencv/contents/modules/dnn/test/test_ie_models.cpp?ref=2ad0487cec35b08a1dbf49e98c27b05153aaa23a
2ad0487cec35b08a1dbf49e98c27b05153aaa23a,Merge: 72ccb5fe6 7c96857c0    Merge remote-tracking branch 'upstream/3.4' into merge-3.4,     Alexander Alekhin ,alexander.alekhin@intel.com,2019-08-13 15:37:01,     Alexander Alekhin ,alexander.a.alekhin@gmail.com,2019-08-13 18:32:29,modules/dnn/test/test_misc.cpp,modified,0,36,0,28,15,1,https://api.github.com/repos/opencv/opencv/contents/modules/dnn/test/test_misc.cpp?ref=2ad0487cec35b08a1dbf49e98c27b05153aaa23a
2ad0487cec35b08a1dbf49e98c27b05153aaa23a,Merge: 72ccb5fe6 7c96857c0    Merge remote-tracking branch 'upstream/3.4' into merge-3.4,     Alexander Alekhin ,alexander.alekhin@intel.com,2019-08-13 15:37:01,     Alexander Alekhin ,alexander.a.alekhin@gmail.com,2019-08-13 18:32:29,modules/dnn/test/test_tf_importer.cpp,modified,0,9,16,28,15,3,https://api.github.com/repos/opencv/opencv/contents/modules/dnn/test/test_tf_importer.cpp?ref=2ad0487cec35b08a1dbf49e98c27b05153aaa23a
2ad0487cec35b08a1dbf49e98c27b05153aaa23a,Merge: 72ccb5fe6 7c96857c0    Merge remote-tracking branch 'upstream/3.4' into merge-3.4,     Alexander Alekhin ,alexander.alekhin@intel.com,2019-08-13 15:37:01,     Alexander Alekhin ,alexander.a.alekhin@gmail.com,2019-08-13 18:32:29,modules/dnn/test/test_torch_importer.cpp,modified,0,3,3,28,15,2,https://api.github.com/repos/opencv/opencv/contents/modules/dnn/test/test_torch_importer.cpp?ref=2ad0487cec35b08a1dbf49e98c27b05153aaa23a
2ad0487cec35b08a1dbf49e98c27b05153aaa23a,Merge: 72ccb5fe6 7c96857c0    Merge remote-tracking branch 'upstream/3.4' into merge-3.4,     Alexander Alekhin ,alexander.alekhin@intel.com,2019-08-13 15:37:01,     Alexander Alekhin ,alexander.a.alekhin@gmail.com,2019-08-13 18:32:29,modules/js/src/embindgen.py,modified,0,1,1,28,15,1,https://api.github.com/repos/opencv/opencv/contents/modules/js/src/embindgen.py?ref=2ad0487cec35b08a1dbf49e98c27b05153aaa23a
2ad0487cec35b08a1dbf49e98c27b05153aaa23a,Merge: 72ccb5fe6 7c96857c0    Merge remote-tracking branch 'upstream/3.4' into merge-3.4,     Alexander Alekhin ,alexander.alekhin@intel.com,2019-08-13 15:37:01,     Alexander Alekhin ,alexander.a.alekhin@gmail.com,2019-08-13 18:32:29,modules/js/test/test_imgproc.js,modified,0,18,0,28,15,1,https://api.github.com/repos/opencv/opencv/contents/modules/js/test/test_imgproc.js?ref=2ad0487cec35b08a1dbf49e98c27b05153aaa23a
2ad0487cec35b08a1dbf49e98c27b05153aaa23a,Merge: 72ccb5fe6 7c96857c0    Merge remote-tracking branch 'upstream/3.4' into merge-3.4,     Alexander Alekhin ,alexander.alekhin@intel.com,2019-08-13 15:37:01,     Alexander Alekhin ,alexander.a.alekhin@gmail.com,2019-08-13 18:32:29,modules/objdetect/src/hog.cpp,modified,0,143,388,28,15,22,https://api.github.com/repos/opencv/opencv/contents/modules/objdetect/src/hog.cpp?ref=2ad0487cec35b08a1dbf49e98c27b05153aaa23a
2ad0487cec35b08a1dbf49e98c27b05153aaa23a,Merge: 72ccb5fe6 7c96857c0    Merge remote-tracking branch 'upstream/3.4' into merge-3.4,     Alexander Alekhin ,alexander.alekhin@intel.com,2019-08-13 15:37:01,     Alexander Alekhin ,alexander.a.alekhin@gmail.com,2019-08-13 18:32:29,modules/stitching/CMakeLists.txt,modified,0,1,1,28,15,1,https://api.github.com/repos/opencv/opencv/contents/modules/stitching/CMakeLists.txt?ref=2ad0487cec35b08a1dbf49e98c27b05153aaa23a
2ad0487cec35b08a1dbf49e98c27b05153aaa23a,Merge: 72ccb5fe6 7c96857c0    Merge remote-tracking branch 'upstream/3.4' into merge-3.4,     Alexander Alekhin ,alexander.alekhin@intel.com,2019-08-13 15:37:01,     Alexander Alekhin ,alexander.a.alekhin@gmail.com,2019-08-13 18:32:29,modules/videoio/src/cap_ffmpeg_impl.hpp,modified,0,15,4,28,15,4,https://api.github.com/repos/opencv/opencv/contents/modules/videoio/src/cap_ffmpeg_impl.hpp?ref=2ad0487cec35b08a1dbf49e98c27b05153aaa23a
2ad0487cec35b08a1dbf49e98c27b05153aaa23a,Merge: 72ccb5fe6 7c96857c0    Merge remote-tracking branch 'upstream/3.4' into merge-3.4,     Alexander Alekhin ,alexander.alekhin@intel.com,2019-08-13 15:37:01,     Alexander Alekhin ,alexander.a.alekhin@gmail.com,2019-08-13 18:32:29,modules/videoio/src/cap_v4l.cpp,modified,0,1,2,28,15,1,https://api.github.com/repos/opencv/opencv/contents/modules/videoio/src/cap_v4l.cpp?ref=2ad0487cec35b08a1dbf49e98c27b05153aaa23a
2ad0487cec35b08a1dbf49e98c27b05153aaa23a,Merge: 72ccb5fe6 7c96857c0    Merge remote-tracking branch 'upstream/3.4' into merge-3.4,     Alexander Alekhin ,alexander.alekhin@intel.com,2019-08-13 15:37:01,     Alexander Alekhin ,alexander.a.alekhin@gmail.com,2019-08-13 18:32:29,modules/videoio/test/test_video_io.cpp,modified,0,2,2,28,15,2,https://api.github.com/repos/opencv/opencv/contents/modules/videoio/test/test_video_io.cpp?ref=2ad0487cec35b08a1dbf49e98c27b05153aaa23a
72ccb5fe6e355e2e6e7c6960b5a456c1d08ec28e,Merge: bf0765fc7 4c168e95d    Merge pull request #15283 from smirnov-alexey:gapi_transform_tests,     Alexander Alekhin ,alexander.a.alekhin@gmail.com,2019-08-13 14:45:18,     Alexander Alekhin ,alexander.a.alekhin@gmail.com,2019-08-13 14:45:18,modules/gapi/test/gapi_transform_tests.cpp,modified,0,113,37,1,1,6,https://api.github.com/repos/opencv/opencv/contents/modules/gapi/test/gapi_transform_tests.cpp?ref=72ccb5fe6e355e2e6e7c6960b5a456c1d08ec28e
7c96857c02669f167e73b43c2746ee21a16fff4f,Merge: e0cb01e2c 15b8a8d93    Merge pull request #15292 from alalek:build_warnings_xcode_10_3,     Alexander Alekhin ,alexander.a.alekhin@gmail.com,2019-08-13 14:18:47,     Alexander Alekhin ,alexander.a.alekhin@gmail.com,2019-08-13 14:18:48,modules/core/test/test_ptr.cpp,modified,0,4,0,1,1,1,https://api.github.com/repos/opencv/opencv/contents/modules/core/test/test_ptr.cpp?ref=7c96857c02669f167e73b43c2746ee21a16fff4f
15b8a8d935ca0e106fb3988d1d431f3c4dff9f04,    build: eliminate warnings with Xcode 10.3,     Alexander Alekhin ,alexander.alekhin@intel.com,2019-08-13 12:02:05,     Alexander Alekhin ,alexander.alekhin@intel.com,2019-08-13 12:06:13,modules/core/test/test_ptr.cpp,modified,0,4,0,1,1,1,https://api.github.com/repos/opencv/opencv/contents/modules/core/test/test_ptr.cpp?ref=15b8a8d935ca0e106fb3988d1d431f3c4dff9f04
bf0765fc7f92b59b7993e642d2382aacbd017e1c,    Merge pull request #15282 from andrey-golubev:rename_argkind_opaque        * G-API: rename ArgKind OPAQUE to GOPAQUE        Rename ArgKind value to GOPAQUE to fix conflict in the    user code when wingdi.h is included: it defines OPAQUE    macro that (for some reason) is chosen instead of ArgKind    value        * Add compatibility with existing API        * Renamed GOPAQUE to OPAQUE_VAL,     Andrey Golubev ,andrey.golubev@intel.com,2019-08-13 10:57:27,     Alexander Alekhin ,alexander.a.alekhin@gmail.com,2019-08-13 10:57:27,modules/gapi/include/opencv2/gapi/garg.hpp,modified,0,1,1,3,2,1,https://api.github.com/repos/opencv/opencv/contents/modules/gapi/include/opencv2/gapi/garg.hpp?ref=bf0765fc7f92b59b7993e642d2382aacbd017e1c
bf0765fc7f92b59b7993e642d2382aacbd017e1c,    Merge pull request #15282 from andrey-golubev:rename_argkind_opaque        * G-API: rename ArgKind OPAQUE to GOPAQUE        Rename ArgKind value to GOPAQUE to fix conflict in the    user code when wingdi.h is included: it defines OPAQUE    macro that (for some reason) is chosen instead of ArgKind    value        * Add compatibility with existing API        * Renamed GOPAQUE to OPAQUE_VAL,     Andrey Golubev ,andrey.golubev@intel.com,2019-08-13 10:57:27,     Alexander Alekhin ,alexander.a.alekhin@gmail.com,2019-08-13 10:57:27,modules/gapi/include/opencv2/gapi/gtype_traits.hpp,modified,0,6,2,3,2,2,https://api.github.com/repos/opencv/opencv/contents/modules/gapi/include/opencv2/gapi/gtype_traits.hpp?ref=bf0765fc7f92b59b7993e642d2382aacbd017e1c
bf0765fc7f92b59b7993e642d2382aacbd017e1c,    Merge pull request #15282 from andrey-golubev:rename_argkind_opaque        * G-API: rename ArgKind OPAQUE to GOPAQUE        Rename ArgKind value to GOPAQUE to fix conflict in the    user code when wingdi.h is included: it defines OPAQUE    macro that (for some reason) is chosen instead of ArgKind    value        * Add compatibility with existing API        * Renamed GOPAQUE to OPAQUE_VAL,     Andrey Golubev ,andrey.golubev@intel.com,2019-08-13 10:57:27,     Alexander Alekhin ,alexander.a.alekhin@gmail.com,2019-08-13 10:57:27,modules/gapi/test/internal/gapi_int_garg_test.cpp,modified,0,8,8,3,2,1,https://api.github.com/repos/opencv/opencv/contents/modules/gapi/test/internal/gapi_int_garg_test.cpp?ref=bf0765fc7f92b59b7993e642d2382aacbd017e1c
59de4d9ad8b954dfbf7d9166793e25068842e93d,    Added Preproc use case test for graph pattern matching,     AsyaPronina ,155jj@mail.ru,2019-08-12 16:28:09,     AsyaPronina ,155jj@mail.ru,2019-08-12 17:14:56,modules/gapi/test/internal/gapi_int_pattern_matching_test.cpp,modified,0,60,5,1,1,4,https://api.github.com/repos/opencv/opencv/contents/modules/gapi/test/internal/gapi_int_pattern_matching_test.cpp?ref=59de4d9ad8b954dfbf7d9166793e25068842e93d
e0cb01e2cfacc4b72748827b6a3c225af95a22d3,Merge: 935067ee0 6193e403e    Merge pull request #15249 from dkurt:dnn_ie_tests_2019r2,     Alexander Alekhin ,alexander.a.alekhin@gmail.com,2019-08-12 16:32:38,     Alexander Alekhin ,alexander.a.alekhin@gmail.com,2019-08-12 16:32:38,modules/dnn/perf/perf_net.cpp,modified,0,5,12,3,2,2,https://api.github.com/repos/opencv/opencv/contents/modules/dnn/perf/perf_net.cpp?ref=e0cb01e2cfacc4b72748827b6a3c225af95a22d3
e0cb01e2cfacc4b72748827b6a3c225af95a22d3,Merge: 935067ee0 6193e403e    Merge pull request #15249 from dkurt:dnn_ie_tests_2019r2,     Alexander Alekhin ,alexander.a.alekhin@gmail.com,2019-08-12 16:32:38,     Alexander Alekhin ,alexander.a.alekhin@gmail.com,2019-08-12 16:32:38,modules/dnn/test/test_tf_importer.cpp,modified,0,9,16,3,2,3,https://api.github.com/repos/opencv/opencv/contents/modules/dnn/test/test_tf_importer.cpp?ref=e0cb01e2cfacc4b72748827b6a3c225af95a22d3
e0cb01e2cfacc4b72748827b6a3c225af95a22d3,Merge: 935067ee0 6193e403e    Merge pull request #15249 from dkurt:dnn_ie_tests_2019r2,     Alexander Alekhin ,alexander.a.alekhin@gmail.com,2019-08-12 16:32:38,     Alexander Alekhin ,alexander.a.alekhin@gmail.com,2019-08-12 16:32:38,modules/dnn/test/test_torch_importer.cpp,modified,0,3,3,3,2,2,https://api.github.com/repos/opencv/opencv/contents/modules/dnn/test/test_torch_importer.cpp?ref=e0cb01e2cfacc4b72748827b6a3c225af95a22d3
4c168e95deabe682808eb14d4d4c8e6b794d5630,    Extend test suite on GAPI_TRANSFORM macro,     smirnov-alexey ,alexey.smirnov@intel.com,2019-08-12 13:44:05,     smirnov-alexey ,alexey.smirnov@intel.com,2019-08-12 13:44:05,modules/gapi/test/gapi_transform_tests.cpp,modified,0,113,37,1,1,6,https://api.github.com/repos/opencv/opencv/contents/modules/gapi/test/gapi_transform_tests.cpp?ref=4c168e95deabe682808eb14d4d4c8e6b794d5630
183fc43a675569ccc89cee7e563a9be9b950218b,Merge: c95407f1b f17a6b478    Merge pull request #15217 from elatkin:15163_gapi_std_math,     Alexander Alekhin ,alexander.a.alekhin@gmail.com,2019-08-12 09:41:11,     Alexander Alekhin ,alexander.a.alekhin@gmail.com,2019-08-12 09:41:11,modules/gapi/include/opencv2/gapi/core.hpp,modified,0,4,2,3,3,2,https://api.github.com/repos/opencv/opencv/contents/modules/gapi/include/opencv2/gapi/core.hpp?ref=183fc43a675569ccc89cee7e563a9be9b950218b
183fc43a675569ccc89cee7e563a9be9b950218b,Merge: c95407f1b f17a6b478    Merge pull request #15217 from elatkin:15163_gapi_std_math,     Alexander Alekhin ,alexander.a.alekhin@gmail.com,2019-08-12 09:41:11,     Alexander Alekhin ,alexander.a.alekhin@gmail.com,2019-08-12 09:41:11,modules/gapi/include/opencv2/gapi/own/saturate.hpp,modified,0,5,5,3,3,2,https://api.github.com/repos/opencv/opencv/contents/modules/gapi/include/opencv2/gapi/own/saturate.hpp?ref=183fc43a675569ccc89cee7e563a9be9b950218b
183fc43a675569ccc89cee7e563a9be9b950218b,Merge: c95407f1b f17a6b478    Merge pull request #15217 from elatkin:15163_gapi_std_math,     Alexander Alekhin ,alexander.a.alekhin@gmail.com,2019-08-12 09:41:11,     Alexander Alekhin ,alexander.a.alekhin@gmail.com,2019-08-12 09:41:11,modules/gapi/src/backends/fluid/gfluidcore.cpp,modified,0,7,6,3,3,4,https://api.github.com/repos/opencv/opencv/contents/modules/gapi/src/backends/fluid/gfluidcore.cpp?ref=183fc43a675569ccc89cee7e563a9be9b950218b
c95407f1bcc494749aa35007408e63332f11f10c,Merge: f1ea9d86b e06efd532    Merge pull request #14883 from AsyaPronina:dev/asyadev/pattern_matching,     Alexander Alekhin ,alexander.a.alekhin@gmail.com,2019-08-09 17:52:52,     GitHub ,noreply@github.com,2019-08-09 17:52:52,modules/gapi/CMakeLists.txt,modified,0,1,0,6,5,1,https://api.github.com/repos/opencv/opencv/contents/modules/gapi/CMakeLists.txt?ref=c95407f1bcc494749aa35007408e63332f11f10c
c95407f1bcc494749aa35007408e63332f11f10c,Merge: f1ea9d86b e06efd532    Merge pull request #14883 from AsyaPronina:dev/asyadev/pattern_matching,     Alexander Alekhin ,alexander.a.alekhin@gmail.com,2019-08-09 17:52:52,     GitHub ,noreply@github.com,2019-08-09 17:52:52,modules/gapi/src/compiler/gmodel_priv.hpp,modified,0,8,0,6,5,1,https://api.github.com/repos/opencv/opencv/contents/modules/gapi/src/compiler/gmodel_priv.hpp?ref=c95407f1bcc494749aa35007408e63332f11f10c
c95407f1bcc494749aa35007408e63332f11f10c,Merge: f1ea9d86b e06efd532    Merge pull request #14883 from AsyaPronina:dev/asyadev/pattern_matching,     Alexander Alekhin ,alexander.a.alekhin@gmail.com,2019-08-09 17:52:52,     GitHub ,noreply@github.com,2019-08-09 17:52:52,modules/gapi/src/compiler/passes/pattern_matching.cpp,added,582,0,0,6,5,1,https://api.github.com/repos/opencv/opencv/contents/modules/gapi/src/compiler/passes/pattern_matching.cpp?ref=c95407f1bcc494749aa35007408e63332f11f10c
c95407f1bcc494749aa35007408e63332f11f10c,Merge: f1ea9d86b e06efd532    Merge pull request #14883 from AsyaPronina:dev/asyadev/pattern_matching,     Alexander Alekhin ,alexander.a.alekhin@gmail.com,2019-08-09 17:52:52,     GitHub ,noreply@github.com,2019-08-09 17:52:52,modules/gapi/src/compiler/passes/pattern_matching.hpp,added,98,0,0,6,5,1,https://api.github.com/repos/opencv/opencv/contents/modules/gapi/src/compiler/passes/pattern_matching.hpp?ref=c95407f1bcc494749aa35007408e63332f11f10c
c95407f1bcc494749aa35007408e63332f11f10c,Merge: f1ea9d86b e06efd532    Merge pull request #14883 from AsyaPronina:dev/asyadev/pattern_matching,     Alexander Alekhin ,alexander.a.alekhin@gmail.com,2019-08-09 17:52:52,     GitHub ,noreply@github.com,2019-08-09 17:52:52,modules/gapi/test/common/gapi_core_tests_inl.hpp,modified,0,1,1,6,5,1,https://api.github.com/repos/opencv/opencv/contents/modules/gapi/test/common/gapi_core_tests_inl.hpp?ref=c95407f1bcc494749aa35007408e63332f11f10c
c95407f1bcc494749aa35007408e63332f11f10c,Merge: f1ea9d86b e06efd532    Merge pull request #14883 from AsyaPronina:dev/asyadev/pattern_matching,     Alexander Alekhin ,alexander.a.alekhin@gmail.com,2019-08-09 17:52:52,     GitHub ,noreply@github.com,2019-08-09 17:52:52,modules/gapi/test/internal/gapi_int_pattern_matching_test.cpp,added,942,0,0,6,5,1,https://api.github.com/repos/opencv/opencv/contents/modules/gapi/test/internal/gapi_int_pattern_matching_test.cpp?ref=c95407f1bcc494749aa35007408e63332f11f10c
f1ea9d86b9596d76f12a6105940bdf76a23b0c86,    Merge pull request #15203 from l-bat:determine_inp_shape        * Determine input shapes        * Add test        * Remove getInputShapes        * Fix model        * Fix constructors        * Add Caffe test        * Fix predict,     Lubov Batanina ,piccione-mail@yandex.ru,2019-08-09 16:51:42,     Alexander Alekhin ,alexander.a.alekhin@gmail.com,2019-08-09 16:51:42,modules/dnn/src/caffe/caffe_importer.cpp,modified,0,30,0,5,3,1,https://api.github.com/repos/opencv/opencv/contents/modules/dnn/src/caffe/caffe_importer.cpp?ref=f1ea9d86b9596d76f12a6105940bdf76a23b0c86
f1ea9d86b9596d76f12a6105940bdf76a23b0c86,    Merge pull request #15203 from l-bat:determine_inp_shape        * Determine input shapes        * Add test        * Remove getInputShapes        * Fix model        * Fix constructors        * Add Caffe test        * Fix predict,     Lubov Batanina ,piccione-mail@yandex.ru,2019-08-09 16:51:42,     Alexander Alekhin ,alexander.a.alekhin@gmail.com,2019-08-09 16:51:42,modules/dnn/src/dnn.cpp,modified,0,21,0,5,3,2,https://api.github.com/repos/opencv/opencv/contents/modules/dnn/src/dnn.cpp?ref=f1ea9d86b9596d76f12a6105940bdf76a23b0c86
f1ea9d86b9596d76f12a6105940bdf76a23b0c86,    Merge pull request #15203 from l-bat:determine_inp_shape        * Determine input shapes        * Add test        * Remove getInputShapes        * Fix model        * Fix constructors        * Add Caffe test        * Fix predict,     Lubov Batanina ,piccione-mail@yandex.ru,2019-08-09 16:51:42,     Alexander Alekhin ,alexander.a.alekhin@gmail.com,2019-08-09 16:51:42,modules/dnn/src/model.cpp,modified,0,12,2,5,3,1,https://api.github.com/repos/opencv/opencv/contents/modules/dnn/src/model.cpp?ref=f1ea9d86b9596d76f12a6105940bdf76a23b0c86
f1ea9d86b9596d76f12a6105940bdf76a23b0c86,    Merge pull request #15203 from l-bat:determine_inp_shape        * Determine input shapes        * Add test        * Remove getInputShapes        * Fix model        * Fix constructors        * Add Caffe test        * Fix predict,     Lubov Batanina ,piccione-mail@yandex.ru,2019-08-09 16:51:42,     Alexander Alekhin ,alexander.a.alekhin@gmail.com,2019-08-09 16:51:42,modules/dnn/test/test_caffe_importer.cpp,modified,0,9,10,5,3,2,https://api.github.com/repos/opencv/opencv/contents/modules/dnn/test/test_caffe_importer.cpp?ref=f1ea9d86b9596d76f12a6105940bdf76a23b0c86
f1ea9d86b9596d76f12a6105940bdf76a23b0c86,    Merge pull request #15203 from l-bat:determine_inp_shape        * Determine input shapes        * Add test        * Remove getInputShapes        * Fix model        * Fix constructors        * Add Caffe test        * Fix predict,     Lubov Batanina ,piccione-mail@yandex.ru,2019-08-09 16:51:42,     Alexander Alekhin ,alexander.a.alekhin@gmail.com,2019-08-09 16:51:42,modules/dnn/test/test_ie_models.cpp,modified,0,42,15,5,3,3,https://api.github.com/repos/opencv/opencv/contents/modules/dnn/test/test_ie_models.cpp?ref=f1ea9d86b9596d76f12a6105940bdf76a23b0c86
e06efd532989b541d63126b39533683b64fea906,    G-API: Added graph pattern matching routine and basic tests,     AsyaPronina ,155jj@mail.ru,2019-08-09 15:57:56,     AsyaPronina ,155jj@mail.ru,2019-08-09 15:57:56,modules/gapi/CMakeLists.txt,modified,0,1,0,6,5,1,https://api.github.com/repos/opencv/opencv/contents/modules/gapi/CMakeLists.txt?ref=e06efd532989b541d63126b39533683b64fea906
e06efd532989b541d63126b39533683b64fea906,    G-API: Added graph pattern matching routine and basic tests,     AsyaPronina ,155jj@mail.ru,2019-08-09 15:57:56,     AsyaPronina ,155jj@mail.ru,2019-08-09 15:57:56,modules/gapi/src/compiler/gmodel_priv.hpp,modified,0,8,0,6,5,1,https://api.github.com/repos/opencv/opencv/contents/modules/gapi/src/compiler/gmodel_priv.hpp?ref=e06efd532989b541d63126b39533683b64fea906
e06efd532989b541d63126b39533683b64fea906,    G-API: Added graph pattern matching routine and basic tests,     AsyaPronina ,155jj@mail.ru,2019-08-09 15:57:56,     AsyaPronina ,155jj@mail.ru,2019-08-09 15:57:56,modules/gapi/src/compiler/passes/pattern_matching.cpp,added,582,0,0,6,5,1,https://api.github.com/repos/opencv/opencv/contents/modules/gapi/src/compiler/passes/pattern_matching.cpp?ref=e06efd532989b541d63126b39533683b64fea906
e06efd532989b541d63126b39533683b64fea906,    G-API: Added graph pattern matching routine and basic tests,     AsyaPronina ,155jj@mail.ru,2019-08-09 15:57:56,     AsyaPronina ,155jj@mail.ru,2019-08-09 15:57:56,modules/gapi/src/compiler/passes/pattern_matching.hpp,added,98,0,0,6,5,1,https://api.github.com/repos/opencv/opencv/contents/modules/gapi/src/compiler/passes/pattern_matching.hpp?ref=e06efd532989b541d63126b39533683b64fea906
e06efd532989b541d63126b39533683b64fea906,    G-API: Added graph pattern matching routine and basic tests,     AsyaPronina ,155jj@mail.ru,2019-08-09 15:57:56,     AsyaPronina ,155jj@mail.ru,2019-08-09 15:57:56,modules/gapi/test/common/gapi_core_tests_inl.hpp,modified,0,1,1,6,5,1,https://api.github.com/repos/opencv/opencv/contents/modules/gapi/test/common/gapi_core_tests_inl.hpp?ref=e06efd532989b541d63126b39533683b64fea906
e06efd532989b541d63126b39533683b64fea906,    G-API: Added graph pattern matching routine and basic tests,     AsyaPronina ,155jj@mail.ru,2019-08-09 15:57:56,     AsyaPronina ,155jj@mail.ru,2019-08-09 15:57:56,modules/gapi/test/internal/gapi_int_pattern_matching_test.cpp,added,942,0,0,6,5,1,https://api.github.com/repos/opencv/opencv/contents/modules/gapi/test/internal/gapi_int_pattern_matching_test.cpp?ref=e06efd532989b541d63126b39533683b64fea906
358d69956a90b8e80e610a0b5b3fb7383beb80cb,Merge: 212f0fb50 816929c70    Merge pull request #15198 from AsyaPronina:bump_to_new_ade_release,     Alexander Alekhin ,alexander.a.alekhin@gmail.com,2019-08-09 15:24:00,     Alexander Alekhin ,alexander.a.alekhin@gmail.com,2019-08-09 15:24:01,modules/gapi/cmake/DownloadADE.cmake,modified,0,3,3,1,1,1,https://api.github.com/repos/opencv/opencv/contents/modules/gapi/cmake/DownloadADE.cmake?ref=358d69956a90b8e80e610a0b5b3fb7383beb80cb
935067ee051e01c0a665ad1df6a81a71168ca173,    Merge pull request #15265 from hugolm84:wince-armv7-supports-neon        * WINCE 8.0 requires ARMv7 Thumb2 and thus have NEON instructions        * Only add NEON if on _ARM_,     Hugo Lindström ,hugolm84@gmail.com,2019-08-09 15:01:37,     Alexander Alekhin ,alexander.a.alekhin@gmail.com,2019-08-09 15:01:37,modules/core/src/system.cpp,modified,0,3,1,1,1,1,https://api.github.com/repos/opencv/opencv/contents/modules/core/src/system.cpp?ref=935067ee051e01c0a665ad1df6a81a71168ca173
212f0fb5093ff8353cce602084d60225061f79f1,Merge: 487d331d7 5e527d22e    Merge pull request #15262 from alalek:fix_15252,     Alexander Alekhin ,alexander.a.alekhin@gmail.com,2019-08-08 19:34:33,     Alexander Alekhin ,alexander.a.alekhin@gmail.com,2019-08-08 19:34:33,modules/gapi/include/opencv2/gapi/infer.hpp,modified,0,2,1,1,1,1,https://api.github.com/repos/opencv/opencv/contents/modules/gapi/include/opencv2/gapi/infer.hpp?ref=212f0fb5093ff8353cce602084d60225061f79f1
d513fb4c8e5a51093ba53e3953ab06d419a37fac,    Merge pull request #15199 from ChipKerchner:hogToHal        Convert HOG from SSE SIMD to HAL - 35-45% faster on Power (VSX) (#15199)        * Convert SSE SIMD to HAL. 35-45% improvement for Power (VSX)        * Remove CV_NEON code. Use v_floor instead of 3 lines of code.        * Invert comparison logic to simplify code.        * Change initialization from v_load to constructor type.,     Chip Kerchner ,49959681+ChipKerchner@users.noreply.github.com,2019-08-08 15:57:03,     Alexander Alekhin ,alexander.a.alekhin@gmail.com,2019-08-08 15:57:03,modules/objdetect/src/hog.cpp,modified,0,143,388,1,1,22,https://api.github.com/repos/opencv/opencv/contents/modules/objdetect/src/hog.cpp?ref=d513fb4c8e5a51093ba53e3953ab06d419a37fac
596b8a5d060b0b7c18b53580454adce771af91ff,Merge: 6f267be6f a77275e65    Merge pull request #15263 from alalek:videoio_skip_msmf_tests3,     Alexander Alekhin ,alexander.a.alekhin@gmail.com,2019-08-08 15:47:08,     Alexander Alekhin ,alexander.a.alekhin@gmail.com,2019-08-08 15:47:08,modules/videoio/test/test_video_io.cpp,modified,0,2,2,1,1,2,https://api.github.com/repos/opencv/opencv/contents/modules/videoio/test/test_video_io.cpp?ref=596b8a5d060b0b7c18b53580454adce771af91ff
6f267be6f1fe4203bfd6f205cfa7b899083b94c1,Merge: 76b40a37e 40c71a246    Merge pull request #15260 from tomoaki0705:suppressNoisyWarning,     Alexander Alekhin ,alexander.a.alekhin@gmail.com,2019-08-08 15:45:29,     Alexander Alekhin ,alexander.a.alekhin@gmail.com,2019-08-08 15:45:29,cmake/OpenCVCompilerOptions.cmake,modified,0,3,0,7,7,1,https://api.github.com/repos/opencv/opencv/contents/cmake/OpenCVCompilerOptions.cmake?ref=6f267be6f1fe4203bfd6f205cfa7b899083b94c1
6f267be6f1fe4203bfd6f205cfa7b899083b94c1,Merge: 76b40a37e 40c71a246    Merge pull request #15260 from tomoaki0705:suppressNoisyWarning,     Alexander Alekhin ,alexander.a.alekhin@gmail.com,2019-08-08 15:45:29,     Alexander Alekhin ,alexander.a.alekhin@gmail.com,2019-08-08 15:45:29,modules/cudalegacy/CMakeLists.txt,modified,0,1,1,7,7,1,https://api.github.com/repos/opencv/opencv/contents/modules/cudalegacy/CMakeLists.txt?ref=6f267be6f1fe4203bfd6f205cfa7b899083b94c1
6f267be6f1fe4203bfd6f205cfa7b899083b94c1,Merge: 76b40a37e 40c71a246    Merge pull request #15260 from tomoaki0705:suppressNoisyWarning,     Alexander Alekhin ,alexander.a.alekhin@gmail.com,2019-08-08 15:45:29,     Alexander Alekhin ,alexander.a.alekhin@gmail.com,2019-08-08 15:45:29,modules/cudaobjdetect/CMakeLists.txt,modified,0,1,1,7,7,1,https://api.github.com/repos/opencv/opencv/contents/modules/cudaobjdetect/CMakeLists.txt?ref=6f267be6f1fe4203bfd6f205cfa7b899083b94c1
6f267be6f1fe4203bfd6f205cfa7b899083b94c1,Merge: 76b40a37e 40c71a246    Merge pull request #15260 from tomoaki0705:suppressNoisyWarning,     Alexander Alekhin ,alexander.a.alekhin@gmail.com,2019-08-08 15:45:29,     Alexander Alekhin ,alexander.a.alekhin@gmail.com,2019-08-08 15:45:29,modules/cudaobjdetect/src/cuda/hog.cu,modified,0,1,1,7,7,1,https://api.github.com/repos/opencv/opencv/contents/modules/cudaobjdetect/src/cuda/hog.cu?ref=6f267be6f1fe4203bfd6f205cfa7b899083b94c1
6f267be6f1fe4203bfd6f205cfa7b899083b94c1,Merge: 76b40a37e 40c71a246    Merge pull request #15260 from tomoaki0705:suppressNoisyWarning,     Alexander Alekhin ,alexander.a.alekhin@gmail.com,2019-08-08 15:45:29,     Alexander Alekhin ,alexander.a.alekhin@gmail.com,2019-08-08 15:45:29,modules/cudaoptflow/CMakeLists.txt,modified,0,1,1,7,7,1,https://api.github.com/repos/opencv/opencv/contents/modules/cudaoptflow/CMakeLists.txt?ref=6f267be6f1fe4203bfd6f205cfa7b899083b94c1
6f267be6f1fe4203bfd6f205cfa7b899083b94c1,Merge: 76b40a37e 40c71a246    Merge pull request #15260 from tomoaki0705:suppressNoisyWarning,     Alexander Alekhin ,alexander.a.alekhin@gmail.com,2019-08-08 15:45:29,     Alexander Alekhin ,alexander.a.alekhin@gmail.com,2019-08-08 15:45:29,modules/dnn/CMakeLists.txt,modified,0,3,1,7,7,1,https://api.github.com/repos/opencv/opencv/contents/modules/dnn/CMakeLists.txt?ref=6f267be6f1fe4203bfd6f205cfa7b899083b94c1
6f267be6f1fe4203bfd6f205cfa7b899083b94c1,Merge: 76b40a37e 40c71a246    Merge pull request #15260 from tomoaki0705:suppressNoisyWarning,     Alexander Alekhin ,alexander.a.alekhin@gmail.com,2019-08-08 15:45:29,     Alexander Alekhin ,alexander.a.alekhin@gmail.com,2019-08-08 15:45:29,modules/stitching/CMakeLists.txt,modified,0,1,1,7,7,1,https://api.github.com/repos/opencv/opencv/contents/modules/stitching/CMakeLists.txt?ref=6f267be6f1fe4203bfd6f205cfa7b899083b94c1
76b40a37e737ed822c75fc95749e4f33723e2be9,"    Merge pull request #15111 from RealOrangeOne:patch-1        * Remove unavoidable print of CV error        The return value covers whether the device exists.        This might be better hidden behind a debug flag, but I couldn't work out how to do that nicely.        * Use `CV_LOG_WARNING` macro to log rather than removing it entirely",     Jake Howard ,RealOrangeOne@users.noreply.github.com,2019-08-08 13:56:49,     Alexander Alekhin ,alexander.a.alekhin@gmail.com,2019-08-08 13:56:49,modules/videoio/src/cap_v4l.cpp,modified,0,1,2,1,1,1,https://api.github.com/repos/opencv/opencv/contents/modules/videoio/src/cap_v4l.cpp?ref=76b40a37e737ed822c75fc95749e4f33723e2be9
487d331d74f36e86c7c9d78b8cc3140bda84c6c6,Merge: 174b4ce29 a9839af90    Merge pull request #15256 from dkurt:dnn_model_warps,     Alexander Alekhin ,alexander.a.alekhin@gmail.com,2019-08-08 13:54:35,     Alexander Alekhin ,alexander.a.alekhin@gmail.com,2019-08-08 13:54:35,modules/dnn/include/opencv2/dnn/dnn.hpp,modified,0,14,9,3,3,5,https://api.github.com/repos/opencv/opencv/contents/modules/dnn/include/opencv2/dnn/dnn.hpp?ref=487d331d74f36e86c7c9d78b8cc3140bda84c6c6
487d331d74f36e86c7c9d78b8cc3140bda84c6c6,Merge: 174b4ce29 a9839af90    Merge pull request #15256 from dkurt:dnn_model_warps,     Alexander Alekhin ,alexander.a.alekhin@gmail.com,2019-08-08 13:54:35,     Alexander Alekhin ,alexander.a.alekhin@gmail.com,2019-08-08 13:54:35,modules/dnn/misc/python/test/test_dnn.py,modified,0,16,4,3,3,2,https://api.github.com/repos/opencv/opencv/contents/modules/dnn/misc/python/test/test_dnn.py?ref=487d331d74f36e86c7c9d78b8cc3140bda84c6c6
487d331d74f36e86c7c9d78b8cc3140bda84c6c6,Merge: 174b4ce29 a9839af90    Merge pull request #15256 from dkurt:dnn_model_warps,     Alexander Alekhin ,alexander.a.alekhin@gmail.com,2019-08-08 13:54:35,     Alexander Alekhin ,alexander.a.alekhin@gmail.com,2019-08-08 13:54:35,modules/dnn/src/model.cpp,modified,0,6,6,3,3,3,https://api.github.com/repos/opencv/opencv/contents/modules/dnn/src/model.cpp?ref=487d331d74f36e86c7c9d78b8cc3140bda84c6c6
a77275e650f3e5c1dd0c8ffb9cbb21c21f0fd79a,    videoio(test): skip unstable MSMF tests (3),     Alexander Alekhin ,alexander.alekhin@intel.com,2019-08-08 13:25:19,     Alexander Alekhin ,alexander.alekhin@intel.com,2019-08-08 13:25:19,modules/videoio/test/test_video_io.cpp,modified,0,2,2,1,1,2,https://api.github.com/repos/opencv/opencv/contents/modules/videoio/test/test_video_io.cpp?ref=a77275e650f3e5c1dd0c8ffb9cbb21c21f0fd79a
5e527d22e3a492f7504ae3006308d7f454d3fd54,    gapi: fix build with MSVS2017/2019,     Alexander Alekhin ,alexander.alekhin@intel.com,2019-08-08 13:13:25,     Alexander Alekhin ,alexander.alekhin@intel.com,2019-08-08 13:13:25,modules/gapi/include/opencv2/gapi/infer.hpp,modified,0,2,1,1,1,1,https://api.github.com/repos/opencv/opencv/contents/modules/gapi/include/opencv2/gapi/infer.hpp?ref=5e527d22e3a492f7504ae3006308d7f454d3fd54
40c71a2463f27ec8625cba4823fcb82f8bb77590,    suppress noisy warning      * add -Wno-psabi when using GCC 6      * add -Wundef for CUDA 10      * add -Wdeprecated-declarations when using GCC 7      * add -Wstrict-aliasing and -Wtautological-compare for GCC 7      * replace cudaThreadSynchronize with cudaDeviceSynchronize,     Tomoaki Teshima ,tomoaki.teshima@gmail.com,2019-08-08 12:49:32,     Tomoaki Teshima ,tomoaki.teshima@gmail.com,2019-08-08 12:49:32,cmake/OpenCVCompilerOptions.cmake,modified,0,3,0,7,7,1,https://api.github.com/repos/opencv/opencv/contents/cmake/OpenCVCompilerOptions.cmake?ref=40c71a2463f27ec8625cba4823fcb82f8bb77590
40c71a2463f27ec8625cba4823fcb82f8bb77590,    suppress noisy warning      * add -Wno-psabi when using GCC 6      * add -Wundef for CUDA 10      * add -Wdeprecated-declarations when using GCC 7      * add -Wstrict-aliasing and -Wtautological-compare for GCC 7      * replace cudaThreadSynchronize with cudaDeviceSynchronize,     Tomoaki Teshima ,tomoaki.teshima@gmail.com,2019-08-08 12:49:32,     Tomoaki Teshima ,tomoaki.teshima@gmail.com,2019-08-08 12:49:32,modules/cudalegacy/CMakeLists.txt,modified,0,1,1,7,7,1,https://api.github.com/repos/opencv/opencv/contents/modules/cudalegacy/CMakeLists.txt?ref=40c71a2463f27ec8625cba4823fcb82f8bb77590
40c71a2463f27ec8625cba4823fcb82f8bb77590,    suppress noisy warning      * add -Wno-psabi when using GCC 6      * add -Wundef for CUDA 10      * add -Wdeprecated-declarations when using GCC 7      * add -Wstrict-aliasing and -Wtautological-compare for GCC 7      * replace cudaThreadSynchronize with cudaDeviceSynchronize,     Tomoaki Teshima ,tomoaki.teshima@gmail.com,2019-08-08 12:49:32,     Tomoaki Teshima ,tomoaki.teshima@gmail.com,2019-08-08 12:49:32,modules/cudaobjdetect/CMakeLists.txt,modified,0,1,1,7,7,1,https://api.github.com/repos/opencv/opencv/contents/modules/cudaobjdetect/CMakeLists.txt?ref=40c71a2463f27ec8625cba4823fcb82f8bb77590
40c71a2463f27ec8625cba4823fcb82f8bb77590,    suppress noisy warning      * add -Wno-psabi when using GCC 6      * add -Wundef for CUDA 10      * add -Wdeprecated-declarations when using GCC 7      * add -Wstrict-aliasing and -Wtautological-compare for GCC 7      * replace cudaThreadSynchronize with cudaDeviceSynchronize,     Tomoaki Teshima ,tomoaki.teshima@gmail.com,2019-08-08 12:49:32,     Tomoaki Teshima ,tomoaki.teshima@gmail.com,2019-08-08 12:49:32,modules/cudaobjdetect/src/cuda/hog.cu,modified,0,1,1,7,7,1,https://api.github.com/repos/opencv/opencv/contents/modules/cudaobjdetect/src/cuda/hog.cu?ref=40c71a2463f27ec8625cba4823fcb82f8bb77590
40c71a2463f27ec8625cba4823fcb82f8bb77590,    suppress noisy warning      * add -Wno-psabi when using GCC 6      * add -Wundef for CUDA 10      * add -Wdeprecated-declarations when using GCC 7      * add -Wstrict-aliasing and -Wtautological-compare for GCC 7      * replace cudaThreadSynchronize with cudaDeviceSynchronize,     Tomoaki Teshima ,tomoaki.teshima@gmail.com,2019-08-08 12:49:32,     Tomoaki Teshima ,tomoaki.teshima@gmail.com,2019-08-08 12:49:32,modules/cudaoptflow/CMakeLists.txt,modified,0,1,1,7,7,1,https://api.github.com/repos/opencv/opencv/contents/modules/cudaoptflow/CMakeLists.txt?ref=40c71a2463f27ec8625cba4823fcb82f8bb77590
40c71a2463f27ec8625cba4823fcb82f8bb77590,    suppress noisy warning      * add -Wno-psabi when using GCC 6      * add -Wundef for CUDA 10      * add -Wdeprecated-declarations when using GCC 7      * add -Wstrict-aliasing and -Wtautological-compare for GCC 7      * replace cudaThreadSynchronize with cudaDeviceSynchronize,     Tomoaki Teshima ,tomoaki.teshima@gmail.com,2019-08-08 12:49:32,     Tomoaki Teshima ,tomoaki.teshima@gmail.com,2019-08-08 12:49:32,modules/dnn/CMakeLists.txt,modified,0,3,1,7,7,1,https://api.github.com/repos/opencv/opencv/contents/modules/dnn/CMakeLists.txt?ref=40c71a2463f27ec8625cba4823fcb82f8bb77590
40c71a2463f27ec8625cba4823fcb82f8bb77590,    suppress noisy warning      * add -Wno-psabi when using GCC 6      * add -Wundef for CUDA 10      * add -Wdeprecated-declarations when using GCC 7      * add -Wstrict-aliasing and -Wtautological-compare for GCC 7      * replace cudaThreadSynchronize with cudaDeviceSynchronize,     Tomoaki Teshima ,tomoaki.teshima@gmail.com,2019-08-08 12:49:32,     Tomoaki Teshima ,tomoaki.teshima@gmail.com,2019-08-08 12:49:32,modules/stitching/CMakeLists.txt,modified,0,1,1,7,7,1,https://api.github.com/repos/opencv/opencv/contents/modules/stitching/CMakeLists.txt?ref=40c71a2463f27ec8625cba4823fcb82f8bb77590
816929c7048dc0ed09b605e830e798b296ed1075,    Bump to new ADE release v0.1.1f,     AsyaPronina ,155jj@mail.ru,2019-08-07 18:35:28,     AsyaPronina ,155jj@mail.ru,2019-08-07 18:35:28,modules/gapi/cmake/DownloadADE.cmake,modified,0,3,3,1,1,1,https://api.github.com/repos/opencv/opencv/contents/modules/gapi/cmake/DownloadADE.cmake?ref=816929c7048dc0ed09b605e830e798b296ed1075
a9839af9031c0567a780b0004e48ddd14e6670e1,    Add preprocessing warps for separate parameters,     Dmitry Kurtaev ,dmitry.kurtaev+github@gmail.com,2019-08-07 11:51:41,     Dmitry Kurtaev ,dmitry.kurtaev+github@gmail.com,2019-08-07 11:51:41,modules/dnn/include/opencv2/dnn/dnn.hpp,modified,0,14,9,3,3,5,https://api.github.com/repos/opencv/opencv/contents/modules/dnn/include/opencv2/dnn/dnn.hpp?ref=a9839af9031c0567a780b0004e48ddd14e6670e1
a9839af9031c0567a780b0004e48ddd14e6670e1,    Add preprocessing warps for separate parameters,     Dmitry Kurtaev ,dmitry.kurtaev+github@gmail.com,2019-08-07 11:51:41,     Dmitry Kurtaev ,dmitry.kurtaev+github@gmail.com,2019-08-07 11:51:41,modules/dnn/misc/python/test/test_dnn.py,modified,0,16,4,3,3,2,https://api.github.com/repos/opencv/opencv/contents/modules/dnn/misc/python/test/test_dnn.py?ref=a9839af9031c0567a780b0004e48ddd14e6670e1
a9839af9031c0567a780b0004e48ddd14e6670e1,    Add preprocessing warps for separate parameters,     Dmitry Kurtaev ,dmitry.kurtaev+github@gmail.com,2019-08-07 11:51:41,     Dmitry Kurtaev ,dmitry.kurtaev+github@gmail.com,2019-08-07 11:51:41,modules/dnn/src/model.cpp,modified,0,6,6,3,3,3,https://api.github.com/repos/opencv/opencv/contents/modules/dnn/src/model.cpp?ref=a9839af9031c0567a780b0004e48ddd14e6670e1
6193e403e7214b679ce674382daec5ea5ac7b9e7,    Enable some tests for 2019R2,     Dmitry Kurtaev ,dmitry.kurtaev+github@gmail.com,2019-08-06 15:41:30,     Dmitry Kurtaev ,dmitry.kurtaev+github@gmail.com,2019-08-07 06:07:53,modules/dnn/perf/perf_net.cpp,modified,0,5,12,3,2,2,https://api.github.com/repos/opencv/opencv/contents/modules/dnn/perf/perf_net.cpp?ref=6193e403e7214b679ce674382daec5ea5ac7b9e7
6193e403e7214b679ce674382daec5ea5ac7b9e7,    Enable some tests for 2019R2,     Dmitry Kurtaev ,dmitry.kurtaev+github@gmail.com,2019-08-06 15:41:30,     Dmitry Kurtaev ,dmitry.kurtaev+github@gmail.com,2019-08-07 06:07:53,modules/dnn/test/test_tf_importer.cpp,modified,0,9,16,3,2,3,https://api.github.com/repos/opencv/opencv/contents/modules/dnn/test/test_tf_importer.cpp?ref=6193e403e7214b679ce674382daec5ea5ac7b9e7
6193e403e7214b679ce674382daec5ea5ac7b9e7,    Enable some tests for 2019R2,     Dmitry Kurtaev ,dmitry.kurtaev+github@gmail.com,2019-08-06 15:41:30,     Dmitry Kurtaev ,dmitry.kurtaev+github@gmail.com,2019-08-07 06:07:53,modules/dnn/test/test_torch_importer.cpp,modified,0,3,3,3,2,2,https://api.github.com/repos/opencv/opencv/contents/modules/dnn/test/test_torch_importer.cpp?ref=6193e403e7214b679ce674382daec5ea5ac7b9e7
32da0705cfb14dadf79043713bdd4753910ee8f5,Merge: ba1a48c2c 96a27f426    Merge pull request #15102 from dgel:force_input_format_ffmpeg,     Alexander Alekhin ,alexander.a.alekhin@gmail.com,2019-08-06 20:52:57,     Alexander Alekhin ,alexander.a.alekhin@gmail.com,2019-08-06 20:52:57,modules/videoio/src/cap_ffmpeg_impl.hpp,modified,0,8,1,1,1,1,https://api.github.com/repos/opencv/opencv/contents/modules/videoio/src/cap_ffmpeg_impl.hpp?ref=32da0705cfb14dadf79043713bdd4753910ee8f5
ba1a48c2ceefabaafc665e458ff4543ba490ee57,Merge: 821f17d66 26ac5a3bd    Merge pull request #14901 from fishjam:issue_8834,     Alexander Alekhin ,alexander.a.alekhin@gmail.com,2019-08-06 20:52:21,     Alexander Alekhin ,alexander.a.alekhin@gmail.com,2019-08-06 20:52:21,modules/videoio/src/cap_ffmpeg_impl.hpp,modified,0,7,3,1,1,3,https://api.github.com/repos/opencv/opencv/contents/modules/videoio/src/cap_ffmpeg_impl.hpp?ref=ba1a48c2ceefabaafc665e458ff4543ba490ee57
821f17d6662646acbcedc45c5e8c056b0330d44e,Merge: 0e1ef8f8e 1031b7f4b    Merge pull request #15235 from pmur:vsx-v_signmask-vbpermq,     Alexander Alekhin ,alexander.a.alekhin@gmail.com,2019-08-06 20:09:22,     Alexander Alekhin ,alexander.a.alekhin@gmail.com,2019-08-06 20:09:22,modules/core/include/opencv2/core/hal/intrin_vsx.hpp,modified,0,6,18,1,1,1,https://api.github.com/repos/opencv/opencv/contents/modules/core/include/opencv2/core/hal/intrin_vsx.hpp?ref=821f17d6662646acbcedc45c5e8c056b0330d44e
0e1ef8f8e1ef57cf1fd9abf5a839b68bb5253d5f,    Merge pull request #15184 from l-bat:IE_R2        Support new IE API (#15184)        * Add support OpenVINO R2 for layers        * Add Core API        * Fix tests        * Fix expectNoFallbacksFromIE for ONNX nets        * Remove deprecated API        * Remove td        * Remove TargetDevice        * Fix Async        * Add test        * Fix detectMyriadX        * Fix test        * Fix warning,     Lubov Batanina ,piccione-mail@yandex.ru,2019-08-06 19:20:26,     Alexander Alekhin ,alexander.a.alekhin@gmail.com,2019-08-06 19:20:26,modules/dnn/src/dnn.cpp,modified,0,26,8,13,3,5,https://api.github.com/repos/opencv/opencv/contents/modules/dnn/src/dnn.cpp?ref=0e1ef8f8e1ef57cf1fd9abf5a839b68bb5253d5f
0e1ef8f8e1ef57cf1fd9abf5a839b68bb5253d5f,    Merge pull request #15184 from l-bat:IE_R2        Support new IE API (#15184)        * Add support OpenVINO R2 for layers        * Add Core API        * Fix tests        * Fix expectNoFallbacksFromIE for ONNX nets        * Remove deprecated API        * Remove td        * Remove TargetDevice        * Fix Async        * Add test        * Fix detectMyriadX        * Fix test        * Fix warning,     Lubov Batanina ,piccione-mail@yandex.ru,2019-08-06 19:20:26,     Alexander Alekhin ,alexander.a.alekhin@gmail.com,2019-08-06 19:20:26,modules/dnn/src/layers/blank_layer.cpp,modified,0,5,6,13,3,2,https://api.github.com/repos/opencv/opencv/contents/modules/dnn/src/layers/blank_layer.cpp?ref=0e1ef8f8e1ef57cf1fd9abf5a839b68bb5253d5f
0e1ef8f8e1ef57cf1fd9abf5a839b68bb5253d5f,    Merge pull request #15184 from l-bat:IE_R2        Support new IE API (#15184)        * Add support OpenVINO R2 for layers        * Add Core API        * Fix tests        * Fix expectNoFallbacksFromIE for ONNX nets        * Remove deprecated API        * Remove td        * Remove TargetDevice        * Fix Async        * Add test        * Fix detectMyriadX        * Fix test        * Fix warning,     Lubov Batanina ,piccione-mail@yandex.ru,2019-08-06 19:20:26,     Alexander Alekhin ,alexander.a.alekhin@gmail.com,2019-08-06 19:20:26,modules/dnn/src/layers/concat_layer.cpp,modified,0,1,1,13,3,1,https://api.github.com/repos/opencv/opencv/contents/modules/dnn/src/layers/concat_layer.cpp?ref=0e1ef8f8e1ef57cf1fd9abf5a839b68bb5253d5f
0e1ef8f8e1ef57cf1fd9abf5a839b68bb5253d5f,    Merge pull request #15184 from l-bat:IE_R2        Support new IE API (#15184)        * Add support OpenVINO R2 for layers        * Add Core API        * Fix tests        * Fix expectNoFallbacksFromIE for ONNX nets        * Remove deprecated API        * Remove td        * Remove TargetDevice        * Fix Async        * Add test        * Fix detectMyriadX        * Fix test        * Fix warning,     Lubov Batanina ,piccione-mail@yandex.ru,2019-08-06 19:20:26,     Alexander Alekhin ,alexander.a.alekhin@gmail.com,2019-08-06 19:20:26,modules/dnn/src/layers/convolution_layer.cpp,modified,0,13,12,13,3,3,https://api.github.com/repos/opencv/opencv/contents/modules/dnn/src/layers/convolution_layer.cpp?ref=0e1ef8f8e1ef57cf1fd9abf5a839b68bb5253d5f
0e1ef8f8e1ef57cf1fd9abf5a839b68bb5253d5f,    Merge pull request #15184 from l-bat:IE_R2        Support new IE API (#15184)        * Add support OpenVINO R2 for layers        * Add Core API        * Fix tests        * Fix expectNoFallbacksFromIE for ONNX nets        * Remove deprecated API        * Remove td        * Remove TargetDevice        * Fix Async        * Add test        * Fix detectMyriadX        * Fix test        * Fix warning,     Lubov Batanina ,piccione-mail@yandex.ru,2019-08-06 19:20:26,     Alexander Alekhin ,alexander.a.alekhin@gmail.com,2019-08-06 19:20:26,modules/dnn/src/layers/normalize_bbox_layer.cpp,modified,0,7,5,13,3,2,https://api.github.com/repos/opencv/opencv/contents/modules/dnn/src/layers/normalize_bbox_layer.cpp?ref=0e1ef8f8e1ef57cf1fd9abf5a839b68bb5253d5f
0e1ef8f8e1ef57cf1fd9abf5a839b68bb5253d5f,    Merge pull request #15184 from l-bat:IE_R2        Support new IE API (#15184)        * Add support OpenVINO R2 for layers        * Add Core API        * Fix tests        * Fix expectNoFallbacksFromIE for ONNX nets        * Remove deprecated API        * Remove td        * Remove TargetDevice        * Fix Async        * Add test        * Fix detectMyriadX        * Fix test        * Fix warning,     Lubov Batanina ,piccione-mail@yandex.ru,2019-08-06 19:20:26,     Alexander Alekhin ,alexander.a.alekhin@gmail.com,2019-08-06 19:20:26,modules/dnn/src/layers/pooling_layer.cpp,modified,0,2,0,13,3,1,https://api.github.com/repos/opencv/opencv/contents/modules/dnn/src/layers/pooling_layer.cpp?ref=0e1ef8f8e1ef57cf1fd9abf5a839b68bb5253d5f
0e1ef8f8e1ef57cf1fd9abf5a839b68bb5253d5f,    Merge pull request #15184 from l-bat:IE_R2        Support new IE API (#15184)        * Add support OpenVINO R2 for layers        * Add Core API        * Fix tests        * Fix expectNoFallbacksFromIE for ONNX nets        * Remove deprecated API        * Remove td        * Remove TargetDevice        * Fix Async        * Add test        * Fix detectMyriadX        * Fix test        * Fix warning,     Lubov Batanina ,piccione-mail@yandex.ru,2019-08-06 19:20:26,     Alexander Alekhin ,alexander.a.alekhin@gmail.com,2019-08-06 19:20:26,modules/dnn/src/layers/scale_layer.cpp,modified,0,6,5,13,3,1,https://api.github.com/repos/opencv/opencv/contents/modules/dnn/src/layers/scale_layer.cpp?ref=0e1ef8f8e1ef57cf1fd9abf5a839b68bb5253d5f
0e1ef8f8e1ef57cf1fd9abf5a839b68bb5253d5f,    Merge pull request #15184 from l-bat:IE_R2        Support new IE API (#15184)        * Add support OpenVINO R2 for layers        * Add Core API        * Fix tests        * Fix expectNoFallbacksFromIE for ONNX nets        * Remove deprecated API        * Remove td        * Remove TargetDevice        * Fix Async        * Add test        * Fix detectMyriadX        * Fix test        * Fix warning,     Lubov Batanina ,piccione-mail@yandex.ru,2019-08-06 19:20:26,     Alexander Alekhin ,alexander.a.alekhin@gmail.com,2019-08-06 19:20:26,modules/dnn/src/layers/slice_layer.cpp,modified,0,5,5,13,3,1,https://api.github.com/repos/opencv/opencv/contents/modules/dnn/src/layers/slice_layer.cpp?ref=0e1ef8f8e1ef57cf1fd9abf5a839b68bb5253d5f
0e1ef8f8e1ef57cf1fd9abf5a839b68bb5253d5f,    Merge pull request #15184 from l-bat:IE_R2        Support new IE API (#15184)        * Add support OpenVINO R2 for layers        * Add Core API        * Fix tests        * Fix expectNoFallbacksFromIE for ONNX nets        * Remove deprecated API        * Remove td        * Remove TargetDevice        * Fix Async        * Add test        * Fix detectMyriadX        * Fix test        * Fix warning,     Lubov Batanina ,piccione-mail@yandex.ru,2019-08-06 19:20:26,     Alexander Alekhin ,alexander.a.alekhin@gmail.com,2019-08-06 19:20:26,modules/dnn/src/layers/softmax_layer.cpp,modified,0,2,1,13,3,1,https://api.github.com/repos/opencv/opencv/contents/modules/dnn/src/layers/softmax_layer.cpp?ref=0e1ef8f8e1ef57cf1fd9abf5a839b68bb5253d5f
0e1ef8f8e1ef57cf1fd9abf5a839b68bb5253d5f,    Merge pull request #15184 from l-bat:IE_R2        Support new IE API (#15184)        * Add support OpenVINO R2 for layers        * Add Core API        * Fix tests        * Fix expectNoFallbacksFromIE for ONNX nets        * Remove deprecated API        * Remove td        * Remove TargetDevice        * Fix Async        * Add test        * Fix detectMyriadX        * Fix test        * Fix warning,     Lubov Batanina ,piccione-mail@yandex.ru,2019-08-06 19:20:26,     Alexander Alekhin ,alexander.a.alekhin@gmail.com,2019-08-06 19:20:26,modules/dnn/src/op_inf_engine.cpp,modified,0,109,70,13,3,19,https://api.github.com/repos/opencv/opencv/contents/modules/dnn/src/op_inf_engine.cpp?ref=0e1ef8f8e1ef57cf1fd9abf5a839b68bb5253d5f
0e1ef8f8e1ef57cf1fd9abf5a839b68bb5253d5f,    Merge pull request #15184 from l-bat:IE_R2        Support new IE API (#15184)        * Add support OpenVINO R2 for layers        * Add Core API        * Fix tests        * Fix expectNoFallbacksFromIE for ONNX nets        * Remove deprecated API        * Remove td        * Remove TargetDevice        * Fix Async        * Add test        * Fix detectMyriadX        * Fix test        * Fix warning,     Lubov Batanina ,piccione-mail@yandex.ru,2019-08-06 19:20:26,     Alexander Alekhin ,alexander.a.alekhin@gmail.com,2019-08-06 19:20:26,modules/dnn/src/op_inf_engine.hpp,modified,0,8,4,13,3,1,https://api.github.com/repos/opencv/opencv/contents/modules/dnn/src/op_inf_engine.hpp?ref=0e1ef8f8e1ef57cf1fd9abf5a839b68bb5253d5f
0e1ef8f8e1ef57cf1fd9abf5a839b68bb5253d5f,    Merge pull request #15184 from l-bat:IE_R2        Support new IE API (#15184)        * Add support OpenVINO R2 for layers        * Add Core API        * Fix tests        * Fix expectNoFallbacksFromIE for ONNX nets        * Remove deprecated API        * Remove td        * Remove TargetDevice        * Fix Async        * Add test        * Fix detectMyriadX        * Fix test        * Fix warning,     Lubov Batanina ,piccione-mail@yandex.ru,2019-08-06 19:20:26,     Alexander Alekhin ,alexander.a.alekhin@gmail.com,2019-08-06 19:20:26,modules/dnn/test/test_ie_models.cpp,modified,0,27,13,13,3,5,https://api.github.com/repos/opencv/opencv/contents/modules/dnn/test/test_ie_models.cpp?ref=0e1ef8f8e1ef57cf1fd9abf5a839b68bb5253d5f
0e1ef8f8e1ef57cf1fd9abf5a839b68bb5253d5f,    Merge pull request #15184 from l-bat:IE_R2        Support new IE API (#15184)        * Add support OpenVINO R2 for layers        * Add Core API        * Fix tests        * Fix expectNoFallbacksFromIE for ONNX nets        * Remove deprecated API        * Remove td        * Remove TargetDevice        * Fix Async        * Add test        * Fix detectMyriadX        * Fix test        * Fix warning,     Lubov Batanina ,piccione-mail@yandex.ru,2019-08-06 19:20:26,     Alexander Alekhin ,alexander.a.alekhin@gmail.com,2019-08-06 19:20:26,modules/dnn/test/test_misc.cpp,modified,0,36,0,13,3,1,https://api.github.com/repos/opencv/opencv/contents/modules/dnn/test/test_misc.cpp?ref=0e1ef8f8e1ef57cf1fd9abf5a839b68bb5253d5f
96a27f4266178bfeb707558b2bba8d1ab3045727,    allow forcing the input format for ffmpeg backend with env var,     Douwe Gelling ,d.gelling@4i.ai,2019-07-19 18:33:22,     Douwe Gelling ,d.gelling@4i.ai,2019-08-06 16:30:39,modules/videoio/src/cap_ffmpeg_impl.hpp,modified,0,8,1,1,1,1,https://api.github.com/repos/opencv/opencv/contents/modules/videoio/src/cap_ffmpeg_impl.hpp?ref=96a27f4266178bfeb707558b2bba8d1ab3045727
26ac5a3bdce530b8fc7ae067335099379fb63c87,    try to fix VideoCapture different time stamp,     fishjam ,fish.jam@navercorp.com,2019-06-14 05:47:03,     Alexander Alekhin ,alexander.alekhin@intel.com,2019-08-06 16:04:22,modules/videoio/src/cap_ffmpeg_impl.hpp,modified,0,7,3,1,1,3,https://api.github.com/repos/opencv/opencv/contents/modules/videoio/src/cap_ffmpeg_impl.hpp?ref=26ac5a3bdce530b8fc7ae067335099379fb63c87
cf93a05d2d687690a6301e21b613ce015b0f80ef,    Merge pull request #15230 from ilbalance:js_rotate        * in OpenCV.js added 'rotate' function and test sample        * value test added,     ilbalance ,48130864+ilbalance@users.noreply.github.com,2019-08-06 09:55:15,     Alexander Alekhin ,alexander.a.alekhin@gmail.com,2019-08-06 09:55:15,modules/js/src/embindgen.py,modified,0,1,1,2,2,1,https://api.github.com/repos/opencv/opencv/contents/modules/js/src/embindgen.py?ref=cf93a05d2d687690a6301e21b613ce015b0f80ef
cf93a05d2d687690a6301e21b613ce015b0f80ef,    Merge pull request #15230 from ilbalance:js_rotate        * in OpenCV.js added 'rotate' function and test sample        * value test added,     ilbalance ,48130864+ilbalance@users.noreply.github.com,2019-08-06 09:55:15,     Alexander Alekhin ,alexander.a.alekhin@gmail.com,2019-08-06 09:55:15,modules/js/test/test_imgproc.js,modified,0,18,0,2,2,1,https://api.github.com/repos/opencv/opencv/contents/modules/js/test/test_imgproc.js?ref=cf93a05d2d687690a6301e21b613ce015b0f80ef
bca49b99cafc6de4bf73a310f1c93560da120d60,    Removing static linking of cuda library,     Vishal Chiluka ,vchiluka@nvidia.com,2019-08-05 16:07:48,     Vishal Chiluka ,vchiluka@nvidia.com,2019-08-05 16:12:10,cmake/OpenCVDetectCUDA.cmake,modified,0,1,1,1,1,1,https://api.github.com/repos/opencv/opencv/contents/cmake/OpenCVDetectCUDA.cmake?ref=bca49b99cafc6de4bf73a310f1c93560da120d60
ca79f75b321c0641a17e5136e4dfa8d3022372e8,    OpenCV.js docker container build instructions        backport of commit: 59b0314a0ef49d407f78742fc44fdc19bd20bf0e,     Sebastián Gurin ,sebastigurin@gmail.com,2019-08-05 12:41:59,     Alexander Alekhin ,alexander.alekhin@intel.com,2019-08-05 14:21:34,doc/js_tutorials/js_setup/js_setup/js_setup.markdown,modified,0,25,0,1,1,2,https://api.github.com/repos/opencv/opencv/contents/doc/js_tutorials/js_setup/js_setup/js_setup.markdown?ref=ca79f75b321c0641a17e5136e4dfa8d3022372e8
1031b7f4bc8eddcaeb67b11a764da386cdd0d08d,    hal: vsx: further optimize v_signmask        Use the quadword bit permutation instruction to creatively move    the sign bits to create the mask. Note that values above 127 will    result in 0.,     Paul E. Murphy ,pmur@users.noreply.github.com,2019-08-02 20:06:47,     Paul E. Murphy ,pmur@users.noreply.github.com,2019-08-05 14:00:22,modules/core/include/opencv2/core/hal/intrin_vsx.hpp,modified,0,6,18,1,1,1,https://api.github.com/repos/opencv/opencv/contents/modules/core/include/opencv2/core/hal/intrin_vsx.hpp?ref=1031b7f4bc8eddcaeb67b11a764da386cdd0d08d
c5069266dc88129183341be268a4db2bcaef48b4,Merge: b584c2306 63775320a    Merge pull request #15222 from hmaarrfk:verify_carbon,     Alexander Alekhin ,alexander.a.alekhin@gmail.com,2019-08-05 12:43:13,     Alexander Alekhin ,alexander.a.alekhin@gmail.com,2019-08-05 12:43:13,CMakeLists.txt,modified,0,2,2,1,1,1,https://api.github.com/repos/opencv/opencv/contents/CMakeLists.txt?ref=c5069266dc88129183341be268a4db2bcaef48b4
59b0314a0ef49d407f78742fc44fdc19bd20bf0e,    Merge pull request #15221 from cancerberoSgx:master        OpenCv.js docker container build instructions (#15221)        * emscripten docker container        * docker        * typo        * typo        * whitespace issue,     Sebastián Gurin ,sebastigurin@gmail.com,2019-08-05 12:41:59,     Alexander Alekhin ,alexander.a.alekhin@gmail.com,2019-08-05 12:41:59,doc/js_tutorials/js_setup/js_setup/js_setup.markdown,modified,0,25,0,1,1,2,https://api.github.com/repos/opencv/opencv/contents/doc/js_tutorials/js_setup/js_setup/js_setup.markdown?ref=59b0314a0ef49d407f78742fc44fdc19bd20bf0e
